filename,fecha_de_radicacion,has_unredacted,unredacted_vars,unredacted_values,sbp_application,county,state,country,mailing_county,mailing_state,mail_country,taxable_year_end,total_net_worth,identification_type,income_interest_exempt,income_interest_nonexempt,income_dividends_exempt,income_dividends_nonexempt,income_capital_gains_exempt,income_capital_gains_nonexempt,income_wages_exempt,income_wages_nonexempt,income_other_income_exempt,income_other_income_nonexempt,does_grantee_own_a_home_in_puerto_rico_or_does_he/she_rent_it,primary_property_value,monthly_rent_pay,real_estate_municipality,n_nonprimary_real_estate,does_grantee_have_assets_located_in_puerto_rico,previous_reporting_year,current_reporting_year,asset_type_financial_previous_reporting_year,asset_type_financial_current_reporting_year,asset_type_financial_difference,asset_type_real_estate_previous_reporting_year,asset_type_real_estate_current_reporting_year,asset_type_real_estate_difference,asset_type_privately_held_business_previous_reporting_year,asset_type_privately_held_business_current_reporting_year,asset_type_privately_held_business_difference,asset_type_other_previous_reporting_year,asset_type_other_current_reporting_year,asset_type_other_difference,n_business,business_type_1,business_decree_1,business_type_2,business_decree_2,business_type_3,business_decree_3,business_type_4,business_decree_4,business_type_5,business_decree_5,business_type_6,business_decree_6,n_hh,days_in_pr,expenditure_in_pr,charity_in_pr,total_amount_donated,inicial
2020-RepAct22-001478_Redacted.pdf,2019-05-14 17:05:18.327,FALSE,NA,NA,REDACTED,Dorado,Puerto Rico,U,REDACTED,REDACTED,REDACTED,3,From 25 to 50 million,S,0,0,0,0,0,0,0,0,0,92935,Own,4500000,NA,NA,0,TRUE,2017,2018,0,250000,250000,0,4500000,4500000,0,0,0,0,915233,915233,1,Consulting Services,TRUE,NA,NA,NA,NA,NA,NA,NA,NA,NA,NA,1,NA,450000,Yes,20500,NA
2020-RepAct22-002458_Redacted.pdf,2019-05-14 17:05:18.327,FALSE,NA,NA,REDACTED,Dorado,REDACTED,U,REDACTED,REDACTED,REDACTED,REDACTED,From 10 to 25 million,REDACTED,38140,0,49612,0,0,15937,0,0,0,0,Own,2e+06,NA,NA,0,TRUE,2018,2019,1e+05,1e+05,0,2e+06,2e+06,0,0,2e+06,2e+06,75000,75000,0,3,Services,FALSE,TRADING FAMILY OFFICE,FALSE,INVESTMENTS,FALSE,NA,NA,NA,NA,NA,NA,1,NA,250000,Yes,NA,NA
2021-RepAct22-003785_Redacted.pdf,Unable to extract - field not clearly visible in document,FALSE,NA,NA,REDACTED,NA,Puerto Rico,REDACTED,REDACTED,REDACTED,REDACTED,REDACTED,From 1 to 5 million,REDACTED,531,0,9963,0,9564,2838,0,0,0,0,Own,4e+05,NA,NA,0,TRUE,5000,4000,5000,4000,-1000,0,0,0,0,0,0,0,0,0,1,Manufacturing,FALSE,NA,NA,NA,NA,NA,NA,NA,NA,NA,NA,1,REDACTED,20000,No,NA,NA
2021-RepAct22-004933_Redacted.pdf,REDACTED,FALSE,NA,NA,REDACTED,San Juan,REDACTED,REDACTED,REDACTED,REDACTED,REDACTED,REDACTED,From 1 to 5 million,REDACTED,0,0,0,0,409984,0,0,0,0,0,Rent,NA,750,Carolina,0,FALSE,NA,NA,NA,NA,NA,NA,NA,NA,NA,NA,NA,NA,NA,NA,1,BUSINESS CONSULTING,TRUE,NA,NA,NA,NA,NA,NA,NA,NA,NA,NA,1,REDACTED,9000,Yes,5000,NA
2021-RepAct22-004935_Redacted.pdf,2021-04-11 17:05:18.327,FALSE,NA,NA,REDACTED,Guaynabo,REDACTED,NA,REDACTED,REDACTED,REDACTED,NA,From 1 to 5 million,NA,0,0,0,0,0,0,0,0,0,0,Own,875000,NA,NA,0,FALSE,NA,NA,NA,NA,NA,NA,NA,NA,NA,NA,NA,NA,NA,NA,1,Services,TRUE,NA,NA,NA,NA,NA,NA,NA,NA,NA,NA,1,NA,63000,No,NA,NA
2021-RepAct22-005497_Redacted.pdf,2020-01-21 13:29:28.000,FALSE,NA,NA,REDACTED,San Juan,Puerto Rico,REDACTED,REDACTED,REDACTED,REDACTED,NA,From 1 to 5 million,NA,2,0,0,0,2061591,0,0,0,0,0,Rent,NA,5000,San Juan,0,TRUE,2019,2020,86000,140000,54000,0,0,0,525000,2e+05,-325000,120000,50000,-70000,1,Financial,FALSE,NA,NA,NA,NA,NA,NA,NA,NA,NA,NA,1,NA,150000,Yes,5000,NA
2021-RepAct22-005568_Redacted.pdf,2021-10-30 08:55:18.327,FALSE,NA,NA,REDACTED,Rincón,REDACTED,NA,REDACTED,REDACTED,REDACTED,NA,Less than 1 million,NA,1,0,0,0,0,0,0,0,0,0,Rent,NA,1900,Rincón,0,TRUE,2019,2020,8e+05,1e+06,2e+05,250000,0,-250000,0,0,0,0,0,0,0,NA,NA,NA,NA,NA,NA,NA,NA,NA,NA,NA,NA,1,340,50000,No,NA,NA
2021-RepAct22-005716_Redacted.pdf,2021-11-29 12:18:00.000,FALSE,NA,NA,REDACTED,San Juan,REDACTED,REDACTED,REDACTED,REDACTED,REDACTED,REDACTED,Less than 1 million,REDACTED,203,0,247407.5,0,0,0,0,130000,0,0,Own,550000,NA,NA,0,TRUE,2019,2020,0,387030,387030,550000,550000,0,0,0,0,0,0,0,1,Business Consulting,TRUE,NA,NA,NA,NA,NA,NA,NA,NA,NA,NA,1,NA,36000,No,NA,NA
2021-RepAct22-005719_Redacted.pdf,2019-05-14 17:05:18.327,TRUE,"business_name_1, individual's_decree_number","Island Living Investment LLC, 17-20-S-001",REDACTED,San Juan,REDACTED,REDACTED,REDACTED,REDACTED,REDACTED,REDACTED,Less than 1 million,REDACTED,203,0,247407.5,0,0,0,0,236254.21,0,0,Own,550000,NA,NA,0,TRUE,2019,2020,0,0,0,550000,550000,0,0,0,0,0,0,0,1,Business Consulting,TRUE,NA,NA,NA,NA,NA,NA,NA,NA,NA,NA,1,170,36000,No,NA,NA
2021-RepAct22-005893_Redacted.pdf,2020-10-13 17:05:18.327,TRUE,"business_decree_number_4, business_decree_number_5","13-20-S-012, 13-20-S-012",REDACTED,Dorado,Puerto Rico,U,REDACTED,REDACTED,REDACTED,31-12-2020,From 10 to 25 million,S,32188,0,968242,0,1278982,600,0,3015,0,4926,Own,2342308,NA,NA,1,TRUE,2019,2020,818658,100908,-717750,10306289,10306289,0,1e+06,1e+06,0,0,0,0,6,Real Estate/Property,FALSE,Real Estate/Property,FALSE,HOLDING COMPANY,FALSE,ADVISORY/CONSULTING/INVESTMENT BANKING,TRUE,ADVISORY AND INSURANCE,TRUE,Real Estate/Property,FALSE,1,NA,186500,Yes,3087,NA
2021-RepAct22-006060_Redacted.pdf,2021-01-26 17:05:18.327,FALSE,NA,NA,REDACTED,Dorado,REDACTED,U,REDACTED,REDACTED,REDACTED,REDACTED,From 10 to 25 million,REDACTED,9469,0,1389,0,1195093,0,0,0,0,356997,Own,8e+06,NA,NA,0,TRUE,2019,2020,0,4400000,4400000,0,17800000,17800000,0,0,0,0,5e+06,5e+06,0,NA,NA,NA,NA,NA,NA,NA,NA,NA,NA,NA,NA,1,NA,1.1e+07,Yes,5000,NA
2021-RepAct22-006063_Redacted.pdf,2019-05-14 17:05:18.327,FALSE,NA,NA,REDACTED,REDACTED,REDACTED,REDACTED,REDACTED,REDACTED,REDACTED,REDACTED,From 5 to 10 million,REDACTED,0,2156,0,42156,5473109,0,0,0,0,0,Own,1550000,NA,NA,1,TRUE,2019,2020,442837,111626,-331211,68000,1618000,1550000,0,0,0,0,0,0,0,NA,NA,NA,NA,NA,NA,NA,NA,NA,NA,NA,NA,1,REDACTED,1e+05,No,NA,NA
2021-RepAct22-006250_Redacted.pdf,2019-05-14 17:05:18.327,TRUE,rental_zip_code,00646,REDACTED,Dorado,Puerto Rico,USA,REDACTED,REDACTED,REDACTED,3,From 25 to 50 million,S,2391,0,0,0,0,0,0,127404,0,0,Rent,NA,4750,Dorado,0,TRUE,2019,2020,0,0,0,5750000,5750000,0,0,0,0,0,0,0,1,Services,TRUE,NA,NA,NA,NA,NA,NA,NA,NA,NA,NA,1,200,3e+05,No,NA,NA
2021-RepAct22-006293_Redacted.pdf,2022-01-13 13:34:32.000,FALSE,NA,NA,REDACTED,San Juan,REDACTED,REDACTED,REDACTED,REDACTED,REDACTED,REDACTED,From 1 to 5 million,REDACTED,4284,0,64672,0,1824911,2850,0,0,959458,13950,Own,350000,NA,NA,0,TRUE,2019,2020,0,1500000,1500000,0,350000,350000,0,0,0,0,0,0,0,NA,NA,NA,NA,NA,NA,NA,NA,NA,NA,NA,NA,1,205,33000,No,NA,NA
2021-RepAct22-006402_Redacted.pdf,REDACTED,FALSE,NA,NA,REDACTED,Dorado,Puerto Rico,U,REDACTED,REDACTED,REDACTED,3,From 1 to 5 million,S,0,53704,0,23491,0,0,0,971247,0,73501,Own,5e+06,NA,NA,0,TRUE,2018,2019,0,1000,1000,0,3150000,3150000,0,0,0,0,0,0,1,CONSULTING,TRUE,NA,NA,NA,NA,NA,NA,NA,NA,NA,NA,1,REDACTED,24000,Yes,5000,NA
2021-RepAct22-006408_Redacted.pdf,2021-02-03 11:39:00.000,FALSE,NA,NA,REDACTED,San Juan,Puerto Rico,NA,REDACTED,REDACTED,REDACTED,31-12-2020,Less than 1 million,NA,81314,0,30004,0,0,0,0,80000,1200,0,Own,480000,NA,NA,0,TRUE,2019,2020,6473,10000,3527,0,0,0,0,0,0,20000,20000,0,0,NA,NA,NA,NA,NA,NA,NA,NA,NA,NA,NA,NA,1,NA,50000,No,NA,NA
2021-RepAct22-006840_Redacted.pdf,REDACTED,FALSE,NA,NA,true,Dorado,Puerto Rico,USA,REDACTED,REDACTED,REDACTED,31-12-2020,More than 100 million,Social Security Number,100420691,0,7472593,0,117596291,19045,0,0,0,139901,Own,2.5e+07,NA,NA,0,TRUE,2019,2020,0,3e+05,3e+05,0,1.5e+07,1.5e+07,0,0,0,0,17500000,17500000,1,Hedge Fund,TRUE,NA,NA,NA,NA,NA,NA,NA,NA,NA,NA,1,270,4e+05,Yes,62000,NA
2021-RepAct22-003946_Redacted.pdf,REDACTED,FALSE,NA,NA,REDACTED,REDACTED,Puerto Rico,REDACTED,REDACTED,REDACTED,REDACTED,REDACTED,From 10 to 25 million,REDACTED,15176,0,156094,0,13519,0,0,675741,0,0,Own,2200000,NA,NA,0,TRUE,2020,2021,8500000,8900000,4e+05,2100000,2200000,1e+05,0,0,0,50000,40000,-10000,0,NA,NA,NA,NA,NA,NA,NA,NA,NA,NA,NA,NA,1,REDACTED,184000,Yes,5000,NA
2021-RepAct22-004690_Redacted.pdf,REDACTED,TRUE,rental_zip_code,00909,REDACTED,San Juan,REDACTED,REDACTED,REDACTED,REDACTED,REDACTED,REDACTED,Less than 1 million,REDACTED,0,0,0,0,0,0,0,10000,0,0,Rent,NA,1750,San Juan,0,FALSE,NA,NA,NA,NA,NA,NA,NA,NA,NA,NA,NA,NA,NA,NA,0,NA,NA,NA,NA,NA,NA,NA,NA,NA,NA,NA,NA,1,202,7000,No,NA,NA
2021-RepAct22-005160_Redacted.pdf,REDACTED,FALSE,NA,NA,REDACTED,NA,Puerto Rico,U,REDACTED,REDACTED,REDACTED,REDACTED,Less than 1 million,REDACTED,49,0,2939,0,0,2660,0,248181,0,0,Own,1100000,NA,NA,0,TRUE,2019,2020,345000,528600,183600,550000,0,-550000,0,0,0,0,0,0,0,NA,NA,NA,NA,NA,NA,NA,NA,NA,NA,NA,NA,1,NA,125000,Yes,2550,NA
2021-RepAct22-005228_Redacted.pdf,REDACTED,FALSE,NA,NA,REDACTED,Adjuntas,REDACTED,REDACTED,San Juan,Puerto Rico,REDACTED,REDACTED,REDACTED,REDACTED,1242,0,0,0,28812,0,0,0,651553,670346,Rent,NA,1800,San Juan,0,FALSE,NA,NA,NA,NA,NA,NA,NA,NA,NA,NA,NA,NA,NA,NA,1,LEGAL SERVICES,TRUE,NA,NA,NA,NA,NA,NA,NA,NA,NA,NA,1,NA,9000,Yes,9707,NA
2021-RepAct22-005639_Redacted.pdf,REDACTED,TRUE,rental_zip_code,00791,REDACTED,Guaynabo,REDACTED,REDACTED,REDACTED,REDACTED,REDACTED,REDACTED,Less than 1 million,REDACTED,51,0,798,0,0,0,0,60000,0,28,Rent,NA,2500,Humacao,0,TRUE,2019,2020,43770,163077,119307,0,0,0,54052,90304,36252,26000,26000,0,1,Consulting,TRUE,NA,NA,NA,NA,NA,NA,NA,NA,NA,NA,1,REDACTED,75000,Yes,5000,NA
2021-RepAct22-005823_Redacted.pdf,REDACTED,TRUE,household_member_1_live_in_pr,true,REDACTED,Dorado,P,REDACTED,REDACTED,REDACTED,REDACTED,REDACTED,From 5 to 10 million,S,2127,0,25073,0,6390498,0,0,0,0,1616,Own,2e+09,NA,NA,0,TRUE,2019,2020,0,1e+05,1e+05,0,2e+06,2e+06,0,0,0,0,75000,75000,1,Services,FALSE,NA,NA,NA,NA,NA,NA,NA,NA,NA,NA,1,350,250000,Yes,NA,NA
2021-RepAct22-005878_Redacted.pdf,REDACTED,FALSE,NA,NA,REDACTED,Luquillo,REDACTED,NA,REDACTED,REDACTED,REDACTED,NA,From 1 to 5 million,NA,88,0,229457,0,83293,0,0,0,0,0,Own,525000,NA,NA,0,TRUE,2019,2020,0,1990089,1990089,0,525000,525000,5000,1272,-3728,0,30000,30000,1,REDACTED,TRUE,NA,NA,NA,NA,NA,NA,NA,NA,NA,NA,1,NA,6e+05,Yes,5000,NA
2021-RepAct22-005883_Redacted.pdf,REDACTED,FALSE,NA,NA,REDACTED,Dorado,REDACTED,U,REDACTED,REDACTED,REDACTED,3,From 10 to 25 million,S,32187,0,968241,0,1278981,600,0,0,0,27525,Own,2342308,NA,NA,1,TRUE,2019,2020,818658,100908,-717750,10306289,10306289,0,15168,15168,0,0,0,0,1,Real Estate/Property,FALSE,NA,NA,NA,NA,NA,NA,NA,NA,NA,NA,1,REDACTED,186500,Yes,3087,NA
2021-RepAct22-005905_Redacted.pdf,REDACTED,FALSE,NA,NA,REDACTED,San Juan,Puerto Rico,U,REDACTED,REDACTED,REDACTED,3,From 5 to 10 million,S,105,0,96,0,1481322,0,0,0,0,0,Own,820000,NA,NA,0,TRUE,2019,2020,2839133,1e+06,-1839133,820000,820000,0,0,0,0,25000,6e+06,5975000,0,NA,NA,NA,NA,NA,NA,NA,NA,NA,NA,NA,NA,1,REDACTED,120000,No,NA,NA
2021-RepAct22-006135_Redacted.pdf,REDACTED,TRUE,household_member_1_live_in_pr,true,REDACTED,Dorado,REDACTED,REDACTED,REDACTED,REDACTED,REDACTED,REDACTED,From 1 to 5 million,REDACTED,1414,0,720,0,0,0,0,839805,181642,0,Own,3750000,NA,NA,0,TRUE,2019,2020,0,0,0,0,3750000,3750000,0,5e+05,5e+05,0,2500000,2500000,1,CONSULTING SERVICES,TRUE,NA,NA,NA,NA,NA,NA,NA,NA,NA,NA,1,200,3e+05,No,NA,NA
2021-RepAct22-006178_Redacted.pdf,REDACTED,FALSE,NA,NA,REDACTED,REDACTED,REDACTED,U,REDACTED,REDACTED,REDACTED,3,From 5 to 10 million,s,2322,4643,6089,12178,5007524,0,0,0,0,0,Own,450000,NA,NA,0,FALSE,NA,NA,NA,NA,NA,NA,NA,NA,NA,NA,NA,NA,NA,NA,0,NA,NA,NA,NA,NA,NA,NA,NA,NA,NA,NA,NA,1,228,560000,Yes,NA,NA
2021-RepAct22-006353_Redacted.pdf,REDACTED,FALSE,NA,NA,REDACTED,REDACTED,REDACTED,REDACTED,REDACTED,REDACTED,REDACTED,REDACTED,From 1 to 5 million,REDACTED,990,0,8351,0,22084,0,6250,0,51799,0,Own,7e+05,NA,NA,0,TRUE,2019,2020,0,1700000,1700000,0,7e+06,7e+06,0,5e+05,5e+05,0,0,0,1,REDACTED,TRUE,NA,NA,NA,NA,NA,NA,NA,NA,NA,NA,1,REDACTED,1e+05,Yes,NA,NA
2021-RepAct22-006438_Redacted.pdf,REDACTED,FALSE,NA,NA,No,San Juan,Puerto Rico,USA,REDACTED,REDACTED,REDACTED,REDACTED,From 1 to 5 million,ssn,0,0,840000,0,0,9046,0,21900,0,38265,Own,975000,NA,NA,0,FALSE,NA,NA,NA,NA,NA,NA,NA,NA,NA,NA,NA,NA,NA,NA,0,NA,NA,NA,NA,NA,NA,NA,NA,NA,NA,NA,NA,1,190,55000,Yes,5000,NA
2021-RepAct22-006467_Redacted.pdf,REDACTED,FALSE,NA,NA,No,San Juan,Puerto Rico,USA,REDACTED,REDACTED,REDACTED,31-12-2020,Less than 1 million,REDACTED,0,0,304,0,603415,0,0,75692,0,0,Own,9e+05,NA,NA,0,TRUE,2019,2020,4e+05,4e+05,0,575000,9e+05,325000,0,0,0,3000,3000,0,0,NA,NA,NA,NA,NA,NA,NA,NA,NA,NA,NA,NA,1,314,70000,Yes,1447,NA
2021-RepAct22-006468_Redacted.pdf,REDACTED,FALSE,NA,NA,true,San Juan,Puerto Rico,USA,REDACTED,REDACTED,REDACTED,31-12-2020,Less than 1 million,Social Security Number,0,0,541350,0,0,0,0,0,0,0,Own,9e+05,NA,NA,0,TRUE,2019,2020,0,93000,93000,0,0,0,0,0,0,0,0,0,0,NA,NA,NA,NA,NA,NA,NA,NA,NA,NA,NA,NA,1,314,25000,No,NA,NA
2021-RepAct22-006500_Redacted.pdf,REDACTED,TRUE,rental_zip_code,00646,true,Dorado,REDACTED,USA,REDACTED,REDACTED,REDACTED,31-12-2020,From 1 to 5 million,Social Security Number,7500,0,555836,0,0,0,0,0,0,0,Rent,NA,12,Dorado,1,TRUE,2019,2020,0,0,0,0,1500000,1500000,0,0,0,0,0,0,1,Services,TRUE,NA,NA,NA,NA,NA,NA,NA,NA,NA,NA,1,245,2e+05,Yes,5000,NA
2021-RepAct22-006564_Redacted.pdf,REDACTED,FALSE,NA,NA,REDACTED,San Juan,REDACTED,USA,REDACTED,REDACTED,REDACTED,31-12-2020,From 1 to 5 million,Social Security Number,0,0,0,0,0,0,0,120300,0,0,Own,450000,NA,NA,0,TRUE,2019,2020,5000,29938,24938,430000,450000,20000,2185763,3294978,1109215,2e+06,1886333,-113667,1,Telecommunication,TRUE,NA,NA,NA,NA,NA,NA,NA,NA,NA,NA,1,248,14000,No,NA,NA
2021-RepAct22-006755_Redacted.pdf,REDACTED,TRUE,rental_zip_code,00901,REDACTED,San Juan,Puerto Rico,USA,REDACTED,REDACTED,REDACTED,31-12-2020,From 10 to 25 million,REDACTED,0,0,483544,0,0,0,0,84000,0,49116,Rent,NA,8000,San Juan,0,TRUE,2019,2020,28000,30000,2000,7e+05,7e+05,0,2e+06,4800000,2800000,70000,60000,-10000,1,Services,TRUE,NA,NA,NA,NA,NA,NA,NA,NA,NA,NA,1,200,120000,No,NA,NA
2021-RepAct22-006856_Redacted.pdf,REDACTED,TRUE,rental_zip_code,00907,REDACTED,San Juan,Puerto Rico,USA,REDACTED,REDACTED,REDACTED,31-12-2020,Less than 1 million,Social Security Number,0,0,150000,0,0,0,0,187513,0,0,Rent,NA,3100,San Juan,0,TRUE,2019,2020,250000,350000,1e+05,0,0,0,3,1000,997,1e+05,50000,-50000,1,Education,FALSE,NA,NA,NA,NA,NA,NA,NA,NA,NA,NA,1,298,50000,Yes,5000,NA
2021-RepAct22-006880_Redacted.pdf,REDACTED,TRUE,rental_zip_code,00911,REDACTED,San Juan,REDACTED,USA,REDACTED,REDACTED,REDACTED,31-12-2020,From 1 to 5 million,Social Security Number,23821,0,0,0,0,0,732101,90834,63313,0,Rent,NA,2000,San Juan,0,NA,NA,2020,NA,NA,NA,NA,NA,NA,NA,NA,NA,NA,NA,NA,1,PAYMENT PROCESSING,TRUE,NA,NA,NA,NA,NA,NA,NA,NA,NA,NA,1,189,18500,Yes,5100,NA
2021-RepAct22-006889_Redacted.pdf,REDACTED,FALSE,NA,NA,REDACTED,Humacao,Puerto Rico,USA,REDACTED,REDACTED,REDACTED,31-12-2020,From 10 to 25 million,Social Security Number,16201,0,2875490,0,4574779,1614,0,103044,30043,0,Own,2e+06,NA,NA,0,TRUE,2019,2020,22239,70064,47825,2e+06,2e+06,0,6050,6050,0,0,0,0,1,Services,TRUE,NA,NA,NA,NA,NA,NA,NA,NA,NA,NA,1,333,45127,No,NA,NA
2021-RepAct22-006897_Redacted.pdf,REDACTED,FALSE,NA,NA,true,Río Grande,Puerto Rico,USA,REDACTED,REDACTED,REDACTED,31-12-2020,From 1 to 5 million,Social Security Number,0,0,0,0,0,0,0,0,0,0,Own,949000,NA,NA,1,TRUE,2019,2020,568862,1137725,568863,855375,1286500,431125,7339796,14679593,7339797,88810,177620,88810,0,NA,NA,NA,NA,NA,NA,NA,NA,NA,NA,NA,NA,1,257,1000,Yes,5000,NA
2021-RepAct22-006900_Redacted.pdf,REDACTED,FALSE,NA,NA,REDACTED,Guaynabo,REDACTED,USA,REDACTED,REDACTED,REDACTED,31-12-2020,From 10 to 25 million,Social Security Number,354,0,138,0,0,0,0,197452,0,0,Own,1600000,NA,NA,0,TRUE,2019,2020,199786,250000,50214,0,0,0,0,0,0,0,0,0,1,Real Estate/Property,FALSE,NA,NA,NA,NA,NA,NA,NA,NA,NA,NA,1,365,4e+05,No,NA,NA
2021-RepAct22-006903_Redacted.pdf,REDACTED,FALSE,NA,NA,REDACTED,Río Grande,REDACTED,USA,REDACTED,REDACTED,REDACTED,REDACTED,From 5 to 10 million,Social Security Number,11646,0,4408704,0,4153,0,0,130300,117756,3841274,Own,870000,NA,NA,1,TRUE,2019,2020,1900000,1900000,0,2e+06,2e+06,0,8175500,8175500,0,150000,150000,0,2,CENTRALIZED MANAGEMENT SERVICES,TRUE,MANAGEMENT VIBEZ MANAGEMENT LLC,TRUE,NA,NA,NA,NA,NA,NA,NA,NA,1,340,50000,Yes,10000,NA
2021-RepAct22-006918_Redacted.pdf,REDACTED,TRUE,household_member_1_live_in_pr,true,REDACTED,San Juan,REDACTED,USA,REDACTED,REDACTED,REDACTED,31-12-2020,From 5 to 10 million,Social Security Number,333,0,736100,0,0,0,0,0,0,0,Own,1e+06,NA,NA,0,TRUE,2019,2020,96152,85000,-11152,1e+06,1e+06,0,843603,30400,-813203,0,0,0,1,Services,TRUE,NA,NA,NA,NA,NA,NA,NA,NA,NA,NA,1,223,30000,Yes,5000,NA
2021-RepAct22-006919_Redacted.pdf,REDACTED,FALSE,NA,NA,REDACTED,San Juan,Puerto Rico,USA,REDACTED,REDACTED,REDACTED,31-12-2020,From 5 to 10 million,Social Security Number,333,0,736266,0,0,0,0,0,0,0,Own,1e+06,NA,NA,0,TRUE,2019,2020,96152,85000,-11152,1e+06,1e+06,0,0,0,0,0,0,0,0,NA,NA,NA,NA,NA,NA,NA,NA,NA,NA,NA,NA,1,223,30000,No,NA,NA
2021-RepAct22-006928_Redacted.pdf,REDACTED,FALSE,NA,NA,REDACTED,Dorado,N/A,REDACTED,REDACTED,REDACTED,REDACTED,31-12-2020,From 1 to 5 million,Social Security Number,100,0,1e+05,0,170000,0,36000,0,0,0,Own,1800000,NA,NA,0,NA,NA,2020,NA,NA,NA,NA,NA,NA,NA,NA,NA,NA,NA,NA,1,Entertainment,TRUE,NA,NA,NA,NA,NA,NA,NA,NA,NA,NA,1,192,150000,Yes,40500,NA
2021-RepAct22-006057.pdf,2021-11-14. 17:15:20.355,TRUE,"household_member_1_age, household_member_1_educational_institution, household_member_1_state, household_member_1_city, household_member_1_gender, household_member_1_live_in_pr, household_member_2_age, household_member_2_educational_institution, household_member_2_state, household_member_2_city, household_member_2_gender, household_member_2_live_in_pr, household_member_3_age, household_member_3_educational_institution, household_member_3_state, household_member_3_city, household_member_3_gender, household_member_3_live_in_pr, applicant_first_name, applicant_middle_name, applicant_last_name, business_name_1, charity_name, applicant_gender, applicant_primary_phone, individual's_decree_number, secondary_phone_number, address, mailing_address, rental_address, mail_zipcode, rental_zip_code, zipcode, on_behalf_of_who_is_the_incentive_being_requested, email, citizenship, marital_status, date_of_decree","44, FALSE, Puerto Rico, San Juan, Female, TRUE, 10, FALSE, Puerto Rico, San Juan, Male, TRUE, 8, FALSE, Puerto Rico, San Juan, Male, TRUE, Steven, T, Smith, CELESTIAL MANAGEMENT LLC, The Act 20/22 Society, M, 415 691-1871, 2019-Act20-001278, 800 621-0871, 1485 Ashford Ave, Torre Sur #16D, St. Mary's Plaza, 53 Calle Palmeras, Unit 401, 1485 Ashford Ave, Condominio St Marys Plaza, South Tower Apt 16D, 00901, 00907, 00907, For yourself, stalcottsmith@me.com, USA, Married, 43654",No,San Juan,Puerto Rico,USA,San Juan,Puerto Rico,USA,31-12-2020,Less than 1 million,ssn,0,0,0,0,0,0,0,42000,33000,0,Rent,NA,4700,San Juan,0,TRUE,2019,2020,1e+05,171148,71148,0,0,0,1e+05,1e+05,0,1e+05,6e+05,5e+05,1,Management Services / Software Development,TRUE,NA,NA,NA,NA,NA,NA,NA,NA,NA,NA,1,306,80000,Yes,5000,NA
2022-RepAct22-006929_Redacted.pdf,REDACTED,TRUE,rental_zip_code,00791,REDACTED,Humacao,REDACTED,USA,REDACTED,REDACTED,REDACTED,31-12-2020,From 1 to 5 million,Social Security Number,4953,0,54349,0,69893,0,0,72000,0,2632,Rent,NA,6400,Humacao,0,TRUE,2019,2020,0,6e+05,6e+05,0,0,0,0,5e+05,5e+05,0,0,0,1,REDACTED,REDACTED,NA,NA,NA,NA,NA,NA,NA,NA,NA,NA,1,193,225000,Yes,5000,NA
2022-RepAct22-006952_Redacted.pdf,REDACTED,FALSE,NA,NA,REDACTED,San Juan,Puerto Rico,USA,REDACTED,REDACTED,REDACTED,31-12-2020,Less than 1 million,Social Security Number,0,0,156,0,0,0,0,16729,0,87728,Own,670000,NA,NA,0,TRUE,2019,2020,60000,60000,0,0,670000,670000,4e+05,4e+05,0,0,0,0,1,Services,TRUE,NA,NA,NA,NA,NA,NA,NA,NA,NA,NA,1,320,1e+05,No,NA,NA
2022-RepAct22-006953_Redacted.pdf,REDACTED,FALSE,NA,NA,REDACTED,San Juan,Puerto Rico,USA,REDACTED,REDACTED,REDACTED,31-12-2020,Less than 1 million,Social Security Number,0,0,156,0,0,0,0,16729,0,87728,Own,670000,NA,NA,0,TRUE,2019,2020,60000,60000,0,0,670000,670000,4e+05,4e+05,0,0,0,0,1,Services,TRUE,NA,NA,NA,NA,NA,NA,NA,NA,NA,NA,1,320,1e+05,No,NA,NA
2022-RepAct22-006957_Redacted.pdf,REDACTED,FALSE,NA,NA,REDACTED,Carolina,REDACTED,USA,REDACTED,REDACTED,REDACTED,31-12-2019,From 10 to 25 million,ssn,0,0,265000,0,0,0,0,16180,36920,0,Own,2100000,NA,NA,1,TRUE,2018,2019,1e+05,1e+05,0,2100000,2100000,0,44644,133151,88507,0,0,0,1,Services,TRUE,NA,NA,NA,NA,NA,NA,NA,NA,NA,NA,1,365,1e+05,Yes,5000,NA
2022-RepAct22-006958_Redacted.pdf,REDACTED,FALSE,NA,NA,REDACTED,Guaynabo,REDACTED,USA,REDACTED,REDACTED,REDACTED,31-12-2019,From 5 to 10 million,Social Security Number,0,0,4553000,0,0,0,0,75500,0,0,Rent,NA,3500,Guaynabo,0,NA,NA,2019,NA,NA,NA,NA,NA,NA,NA,NA,NA,NA,NA,NA,1,Services,TRUE,NA,NA,NA,NA,NA,NA,NA,NA,NA,NA,1,330,3e+05,Yes,10000,NA
2022-RepAct22-006959_Redacted.pdf,REDACTED,TRUE,rental_zip_code,00969,REDACTED,Guaynabo,Puerto Rico,USA,REDACTED,REDACTED,REDACTED,31-12-2019,From 5 to 10 million,Social Security Number,0,0,0,0,178000,0,0,27500,0,0,Rent,NA,3500,Guaynabo,0,NA,NA,2019,NA,NA,NA,NA,NA,NA,NA,NA,NA,NA,NA,NA,1,Services,TRUE,NA,NA,NA,NA,NA,NA,NA,NA,NA,NA,1,330,3e+05,Yes,10000,NA
2022-RepAct22-006961_Redacted.pdf,REDACTED,FALSE,NA,NA,REDACTED,Vieques,REDACTED,USA,REDACTED,REDACTED,REDACTED,31-12-2016,From 1 to 5 million,Social Security Number,58077,61,1704,684,442592,0,0,0,47238,38804,Own,1750000,NA,NA,1,TRUE,2015,2016,0,150000,150000,0,2750000,2750000,0,0,0,0,60000,60000,1,Financial,FALSE,NA,NA,NA,NA,NA,NA,NA,NA,NA,NA,1,202,125000,No,NA,NA
2022-RepAct22-006962_Redacted.pdf,REDACTED,FALSE,NA,NA,REDACTED,Dorado,Puerto Rico,USA,REDACTED,REDACTED,REDACTED,31-12-2017,From 1 to 5 million,Social Security Number,329,0,4284,0,33560,0,0,0,0,0,Own,4e+05,NA,NA,0,TRUE,2016,2017,0,2e+06,2e+06,0,4e+05,4e+05,0,0,0,0,0,0,0,NA,NA,NA,NA,NA,NA,NA,NA,NA,NA,NA,NA,1,300,80000,No,NA,NA
2022-RepAct22-006963_Redacted.pdf,REDACTED,FALSE,NA,NA,REDACTED,Vieques,REDACTED,USA,REDACTED,REDACTED,REDACTED,31-12-2017,From 1 to 5 million,Social Security Number,37336,16,2077,744,0,151728,0,0,0,33097,Own,1750000,NA,NA,1,TRUE,2016,2017,150000,125000,-25000,2750000,2750000,0,0,0,0,60000,60000,0,1,Financial,FALSE,NA,NA,NA,NA,NA,NA,NA,NA,NA,NA,1,269,1e+05,Yes,5000,NA
2022-RepAct22-006964_Redacted.pdf,REDACTED,FALSE,NA,NA,REDACTED,Dorado,Puerto Rico,USA,REDACTED,REDACTED,REDACTED,31-12-2018,From 1 to 5 million,Social Security Number,0,0,10936,0,0,0,0,0,0,0,Own,4e+05,NA,NA,0,TRUE,2017,2018,2e+06,755967,-1244033,4e+05,4e+05,0,0,0,0,0,0,0,0,NA,NA,NA,NA,NA,NA,NA,NA,NA,NA,NA,NA,1,365,80000,No,NA,NA
2022-RepAct22-006965_Redacted.pdf,2022-01-05 17:48:04.771,FALSE,NA,NA,No,Vieques,REDACTED,USA,REDACTED,REDACTED,REDACTED,31-12-2020,From 1 to 5 million,Social Security Number,14098,0,2437,0,195463,0,0,0,0,7957,Own,1750000,NA,NA,1,TRUE,2019,2020,5e+05,3e+05,-2e+05,3e+06,3e+06,0,0,1150000,1150000,70000,60000,-10000,1,Financial,FALSE,NA,NA,NA,NA,NA,NA,NA,NA,NA,NA,1,254,150000,Yes,5000,NA
2022-RepAct22-006968_Redacted.pdf,2022-01-07 14:46:30.974,FALSE,NA,NA,No,Mayagüez,REDACTED,USA,Mayagüez,Puerto Rico,USA,31-12-2020,From 5 to 10 million,Social Security Number,1232,0,0,0,0,0,0,24480,1200,0,Rent,NA,1,Mayagüez,0,TRUE,2019,2020,1897000,892136,-1004864,4e+05,450000,50000,0,0,0,0,1450000,1450000,1,Wholesalers/Distributors,TRUE,NA,NA,NA,NA,NA,NA,NA,NA,NA,NA,1,189,85000,No,NA,NA
2022-RepAct22-006969_Redacted.pdf,REDACTED,TRUE,rental_zip_code,00979,REDACTED,Guaynabo,REDACTED,USA,REDACTED,REDACTED,REDACTED,31-12-2020,From 1 to 5 million,Social Security Number,0,0,1510049,0,0,0,0,0,1200,0,Rent,NA,1,Carolina,0,TRUE,2019,2020,1500000,2200000,7e+05,0,0,0,176902,27312,-149590,0,0,0,1,CALL CENTER,TRUE,NA,NA,NA,NA,NA,NA,NA,NA,NA,NA,1,182,175000,No,NA,NA
2022-RepAct22-006971_Redacted.pdf,2022-01-13 15:25:28.552,FALSE,NA,NA,No,San Juan,Puerto Rico,USA,Dorado,Puerto Rico,USA,REDACTED,From 5 to 10 million,REDACTED,7452,0,22755,0,0,0,0,42000,0,22855,Own,575000,NA,NA,0,FALSE,NA,NA,NA,NA,NA,NA,NA,NA,NA,NA,NA,NA,NA,NA,1,Services,TRUE,NA,NA,NA,NA,NA,NA,NA,NA,NA,NA,1,365,250000,Yes,5000,NA
2022-RepAct22-006972_Redacted.pdf,2022-01-11 11:13:01.364,FALSE,NA,NA,true,Las Marías,REDACTED,USA,NA,NA,NA,NA,Less than 1 million,ssn,1,0,2338,0,0,0,0,0,0,0,Rent,NA,200,Las Marías,0,FALSE,NA,NA,NA,NA,NA,NA,NA,NA,NA,NA,NA,NA,NA,NA,0,NA,NA,NA,NA,NA,NA,NA,NA,NA,NA,NA,NA,1,360,10000,Yes,5000,NA
2022-RepAct22-006991_Redacted.pdf,2022-01-12 08:31:45.28,FALSE,NA,NA,No,San Juan,Puerto Rico,USA,San Juan,Puerto Rico,USA,31-12-2018,Less than 1 million,Social Security Number,17,0,137528,0,0,0,0,0,0,0,Own,850000,NA,NA,0,TRUE,2017,2018,0,50000,50000,0,850000,850000,0,50000,50000,0,0,0,1,Services,TRUE,NA,NA,NA,NA,NA,NA,NA,NA,NA,NA,1,199,150000,Yes,5000,NA
2022-RepAct22-006996_Redacted.pdf,2022-01-12 14:49:29.787,FALSE,NA,NA,true,Dorado,"Puerto Rico,",USA,NA,NA,NA,NA,More than 100 million,ssn,0,0,4.01,0,127500,0,0,0,0,0,Own,450000,NA,NA,0,FALSE,NA,NA,NA,NA,NA,NA,NA,NA,NA,NA,NA,NA,NA,NA,0,NA,NA,NA,NA,NA,NA,NA,NA,NA,NA,NA,NA,1,250,4e+05,No,NA,NA
2022-RepAct22-006997_Redacted.pdf,2022-01-12 15:46:44.323,FALSE,NA,NA,No,Vieques,REDACTED,USA,Vieques,Puerto Rico,USA,31-12-2020,From 1 to 5 million,Social Security Number,2,0,106248,0,11171,0,0,0,0,0,Own,850000,NA,NA,0,TRUE,2019,2020,0,6500,6500,850000,850000,0,0,0,0,0,10000,10000,0,NA,NA,NA,NA,NA,NA,NA,NA,NA,NA,NA,NA,1,365,42195,Yes,5000,REDACTED
2022-RepAct22-006998_Redacted.pdf,2022-01-13 15:20:55.054,FALSE,NA,NA,No,San Juan,Puerto Rico,USA,San Juan,Puerto Rico,USA,31-12-2018,Less than 1 million,Social Security Number,0,0,0,0,0,0,0,0,0,7914,Rent,NA,1667,San Juan,0,NA,NA,2018,NA,NA,NA,NA,NA,NA,NA,NA,NA,NA,NA,NA,1,Consulting Services,FALSE,NA,NA,NA,NA,NA,NA,NA,NA,NA,NA,1,252,80000,Yes,5000,NA
2022-RepAct22-006999_Redacted.pdf,2022-01-17 21:01:49.719,FALSE,NA,NA,No,Dorado,Puerto Rico,USA,Dorado,Puerto Rico,USA,31-12-2018,From 5 to 10 million,Social Security Number,0,0,0,0,6908624,0,0,153584,0,38171,Own,1500000,NA,NA,1,TRUE,2017,2018,0,5e+05,5e+05,0,1500000,1500000,0,2500000,2500000,0,1500000,1500000,1,Financial,TRUE,NA,NA,NA,NA,NA,NA,NA,NA,NA,NA,1,208,120000,Yes,5000,NA
2022-RepAct22-007011_Redacted.pdf,2022-02-16 20:30:33.919,FALSE,NA,NA,No,San Juan,REDACTED,USA,San Juan,Puerto Rico,USA,REDACTED,From 1 to 5 million,Social Security Number,65437,0,5058,0,11948147,150000,0,25600,0,12168,Rent,NA,2945,San Juan,0,TRUE,2019,2020,85000,52254,-32746,0,0,0,2e+06,0,-2e+06,35000,11935,-23065,0,NA,NA,NA,NA,NA,NA,NA,NA,NA,NA,NA,NA,1,347,5729,Yes,850,NA
2022-RepAct22-007012_Redacted.pdf,2022-01-13 15:41:48.017,FALSE,NA,NA,No,Dorado,REDACTED,USA,Dorado,Puerto Rico,USA,31-12-2020,From 5 to 10 million,Social Security Number,0,0,250000,0,0,0,0,84000,0,0,Own,575000,NA,NA,0,NA,NA,2020,NA,NA,NA,NA,NA,NA,NA,NA,NA,NA,NA,NA,1,Services,TRUE,NA,NA,NA,NA,NA,NA,NA,NA,NA,NA,1,365,2e+05,Yes,5000,NA
2022-RepAct22-007052_Redacted.pdf,2022-01-15 16:37:05.536,FALSE,NA,NA,No,Dorado,Puerto Rico,USA,Dorado,Puerto Rico,USA,31-12-2017,From 10 to 25 million,Social Security Number,395007,0,580,0,3262443,0,0,0,0,0,Own,2400000,NA,NA,0,TRUE,2016,2017,150000,150000,0,2400000,2400000,0,0,0,0,0,0,0,0,NA,NA,NA,NA,NA,NA,NA,NA,NA,NA,NA,NA,1,260,3e+05,Yes,10000,NA
2022-RepAct22-007053_Redacted.pdf,2022-01-15 16:40:46.645,FALSE,NA,NA,No,Dorado,REDACTED,USA,Dorado,Puerto Rico,USA,31-12-2018,From 10 to 25 million,Social Security Number,601563,0,937,0,3664074,3664074,0,0,0,0,Own,1520000,NA,NA,0,TRUE,2017,2018,150000,150000,0,240000,240000,0,0,0,0,0,0,0,0,NA,NA,NA,NA,NA,NA,NA,NA,NA,NA,NA,NA,1,290,3e+05,Yes,5000,NA
2022-RepAct22-007055_Redacted.pdf,2022-01-15 12:38:41.709,TRUE,household_member_1_live_in_pr,true,true,San Juan,REDACTED,USA,San Juan,Puerto Rico,USA,31-12-2020,From 1 to 5 million,Social Security Number,0,0,0,0,434420,0,0,0,0,178023,Rent,NA,3800,San Juan,1,TRUE,2019,2020,1500000,1500000,0,545000,545000,0,0,0,0,0,0,0,0,NA,NA,NA,NA,NA,NA,NA,NA,NA,NA,NA,NA,1,220,79604,Yes,7500,NA
2022-RepAct22-007056_Redacted.pdf,2022-01-15 12:49:35.684,FALSE,NA,NA,true,Isabela,REDACTED,USA,Isabela,Puerto Rico,USA,31-12-2021,From 1 to 5 million,ssn,0,0,60000,0,0,0,0,60000,0,0,Rent,NA,759,Isabela,0,TRUE,2020,2021,8002,3282,-4720,0,0,0,1547,108262,106715,0,0,0,1,Services,TRUE,NA,NA,NA,NA,NA,NA,NA,NA,NA,NA,1,196,29000,Yes,5000,NA
2022-RepAct22-007057_Redacted 2.pdf,2022-01-18 18:16:24.274,FALSE,NA,NA,No,Dorado,REDACTED,USA,Dorado,Puerto Rico,USA,31-12-2019,From 10 to 25 million,Social Security Number,640932,0,380,0,1683672,0,0,0,0,95,Own,2400000,NA,NA,0,TRUE,2018,2019,150000,178000,28000,2400000,2400000,0,0,0,0,0,0,0,0,NA,NA,NA,NA,NA,NA,NA,NA,NA,NA,NA,NA,1,290,215000,Yes,5000,NA
2022-RepAct22-007057_Redacted.pdf,2022-01-18 18:16:24.274,FALSE,NA,NA,No,Dorado,REDACTED,USA,Dorado,Puerto Rico,USA,31-12-2019,From 10 to 25 million,Social Security Number,640932,0,380,0,1683672,0,0,0,0,95,Own,2400000,NA,NA,0,TRUE,2018,2019,150000,178000,28000,2400000,2400000,0,0,0,0,0,0,0,0,NA,NA,NA,NA,NA,NA,NA,NA,NA,NA,NA,NA,1,290,215000,Yes,5000,NA
2022-RepAct22-007058_Redacted 2.pdf,2022-01-18 16:49:01.58,FALSE,NA,NA,No,San Juan,REDACTED,USA,San Juan,Puerto Rico,USA,31-12-2020,From 10 to 25 million,Social Security Number,2011,0,19193,4000,1377005,376575,0,60000,0,4882249,Own,171035,NA,NA,2,TRUE,2019,2020,16235854,5484087,-10751767,1388581,1070767,-317814,850000,850000,0,0,0,0,1,Real Estate/Property,FALSE,NA,NA,NA,NA,NA,NA,NA,NA,NA,NA,1,302,292000,Yes,10000,NA
2022-RepAct22-007058_Redacted.pdf,2022-01-18 16:49:01.58,FALSE,NA,NA,No,San Juan,REDACTED,USA,San Juan,Puerto Rico,USA,31-12-2020,From 10 to 25 million,Social Security Number,2011,0,19193,4000,1377005,376575,0,60000,0,4882249,Own,171035,NA,NA,2,TRUE,2019,2020,16235854,5484087,-10751767,1388581,1070767,-317814,850000,850000,0,0,0,0,1,Real Estate/Property,FALSE,NA,NA,NA,NA,NA,NA,NA,NA,NA,NA,1,302,292000,Yes,10000,NA
2022-RepAct22-007072_Redacted.pdf,2022-01-21 17:22:30.081,FALSE,NA,NA,No,Humacao,REDACTED,USA,Humacao,Puerto Rico,USA,31-12-2018,From 25 to 50 million,ssn,0,0,20000,0,102021,0,0,55692,0,3067,Rent,NA,2100,Vega Alta,0,TRUE,2017,2018,3,3,0,1,0,-1,1,2,1,0,0,0,2,Financial,TRUE,Financial,FALSE,NA,NA,NA,NA,NA,NA,NA,NA,1,190,95000,No,NA,NA
2022-RepAct22-007073_Redacted.pdf,2022-01-21 17:17:12.105,FALSE,NA,NA,No,Humacao,Puerto Rico,USA,Humacao,Puerto Rico,USA,09-01-0020,From 25 to 50 million,ssn,36157,0,0,0,0,0,0,44341,0,2497,Rent,NA,2500,Vega Alta,0,TRUE,2018,2019,3,3,0,0,0,0,2,4,2,0,0,0,1,Real Estate/Property,FALSE,NA,NA,NA,NA,NA,NA,NA,NA,NA,NA,1,300,1e+05,No,NA,NA
2022-RepAct22-007074_Redacted.pdf,2022-01-24 17:08:51.891,FALSE,NA,NA,No,San Juan,REDACTED,USA,San Juan,Puerto Rico,USA,31-12-2018,From 10 to 25 million,Social Security Number,0,0,11782,0,135930,92419,0,0,0,482,Rent,NA,3600,San Juan,0,TRUE,NA,2018,NA,NA,NA,NA,NA,NA,NA,NA,NA,NA,NA,NA,0,NA,NA,NA,NA,NA,NA,NA,NA,NA,NA,NA,NA,1,203,40000,Yes,5000,NA
2022-RepAct22-007075_Redacted.pdf,2022-01-21 17:18:57.07,TRUE,household_member_2_live_in_pr,true,No,Humacao,Puerto Rico,USA,Humacao,Puerto Rico,USA,10-01-0020,From 25 to 50 million,ssn,107889,0,0,0,0,0,0,10000,0,42313,Rent,NA,2500,Vega Alta,0,TRUE,2019,2020,3,3,0,0,0,0,4,4,0,0,0,0,4,Real Estate/Property,FALSE,Financial,FALSE,Real Estate/Property,FALSE,Financial,TRUE,NA,NA,NA,NA,1,300,110000,No,NA,NA
2022-RepAct22-007076_Redacted.pdf,2022-01-20 07:03:33.627,FALSE,NA,NA,No,San Juan,Puerto Rico,USA,San Juan,Puerto Rico,USA,31-12-2020,From 25 to 50 million,ssn,174450,0,1611607,0,8570589,9046,0,252223,0,38265,Own,975000,NA,NA,0,TRUE,2019,2020,0,0,0,5e+06,5500000,5e+05,3050000,3050000,0,0,0,0,1,Consulting and Marketing,TRUE,NA,NA,NA,NA,NA,NA,NA,NA,NA,NA,1,198,165000,Yes,5000,NA
2022-RepAct22-007077_Redacted.pdf,2022-01-24 17:06:37.203,FALSE,NA,NA,No,San Juan,REDACTED,USA,San Juan,Puerto Rico,USA,31-12-2018,From 10 to 25 million,Social Security Number,0,0,11782,0,135930,92419,0,0,11250,482,Rent,NA,3600,San Juan,0,NA,NA,2018,NA,NA,NA,NA,NA,NA,NA,NA,NA,NA,NA,NA,0,NA,NA,NA,NA,NA,NA,NA,NA,NA,NA,NA,NA,1,206,40000,Yes,5000,NA
2022-RepAct22-007078_Redacted.pdf,2022-01-21 10:13:59.115,FALSE,NA,NA,No,San Juan,REDACTED,USA,San Juan,Puerto Rico,USA,31-12-2020,From 1 to 5 million,Social Security Number,55,0,473389,0,156156,0,0,0,0,74602,Rent,NA,3800,San Juan,0,TRUE,2019,2020,1762863,3300000,1537137,0,0,0,30788,49676,18888,185000,0,-185000,1,Services,FALSE,NA,NA,NA,NA,NA,NA,NA,NA,NA,NA,1,365,150000,No,NA,NA
2022-RepAct22-007079_Redacted.pdf,2022-01-25 10:24:04.057,FALSE,NA,NA,No,Humacao,REDACTED,USA,Rincón,Puerto Rico,USA,31-12-2020,From 1 to 5 million,Social Security Number,20,0,223004,0,214301,0,0,60000,0,0,Rent,NA,2000,Aguadilla,0,TRUE,2019,2020,1750000,1171000,-579000,0,0,0,0,0,0,0,950000,950000,1,Services,FALSE,NA,NA,NA,NA,NA,NA,NA,NA,NA,NA,1,350,50000,Yes,1100,NA
2022-RepAct22-007091_Redacted.pdf,2022-02-08 15:57:31.323,FALSE,NA,NA,No,San Juan,Puerto Rico,USA,San Juan,Puerto Rico,USA,REDACTED,Less than 1 million,REDACTED,0,0,0,0,0,0,0,227967,0,0,Own,515000,NA,NA,0,FALSE,NA,NA,NA,NA,NA,NA,NA,NA,NA,NA,NA,NA,NA,NA,1,Health Industry,FALSE,NA,NA,NA,NA,NA,NA,NA,NA,NA,NA,1,350,133662,No,NA,NA
2022-RepAct22-007092_Redacted.pdf,2022-01-13 15:25:28.552,TRUE,charity_name,Caribbean Steps Inc,No,San Juan,REDACTED,USA,Dorado,Puerto Rico,USA,REDACTED,From 5 to 10 million,REDACTED,7452,0,22755,0,0,0,0,42000,0,22855,Own,575000,NA,NA,0,FALSE,NA,NA,NA,NA,NA,NA,NA,NA,NA,NA,NA,NA,NA,NA,1,Services,TRUE,NA,NA,NA,NA,NA,NA,NA,NA,NA,NA,1,365,250000,Yes,5000,NA
2022-RepAct22-007093_Redacted.pdf,2022-01-13 15:25:28.552,FALSE,NA,NA,No,San Juan,REDACTED,USA,Dorado,Puerto Rico,USA,REDACTED,From 5 to 10 million,REDACTED,7452,0,22755,0,0,0,0,42000,0,22855,Own,575000,NA,NA,0,FALSE,NA,NA,NA,NA,NA,NA,NA,NA,NA,NA,NA,NA,NA,NA,1,Services,TRUE,NA,NA,NA,NA,NA,NA,NA,NA,NA,NA,1,272,250000,Yes,5000,NA
2022-RepAct22-007097_Redacted.pdf,2022-01-31 13:29:38.354,FALSE,NA,NA,true,Guaynabo,Puerto Rico,USA,Guaynabo,Alabama,USA,REDACTED,From 1 to 5 million,Social Security Number,0,0,10086,0,0,0,0,0,0,243075,Rent,NA,2100,Guaynabo,0,TRUE,2019,2020,0,980000,980000,0,0,0,0,0,0,0,0,0,0,NA,NA,NA,NA,NA,NA,NA,NA,NA,NA,NA,NA,1,300,130000,Yes,5000,NA
2022-RepAct22-007111_Redacted - 2.pdf,2022-01-21 17:17:12.105,FALSE,NA,NA,No,Humacao,Puerto Rico,USA,Humacao,Puerto Rico,USA,REDACTED,From 25 to 50 million,ssn,36157,0,0,0,0,0,0,44341,0,2497,Rent,NA,2500,Vega Alta,0,TRUE,2018,2019,3,3,0,0,0,0,2,4,2,0,0,0,1,Financial,FALSE,NA,NA,NA,NA,NA,NA,NA,NA,NA,NA,1,300,1e+05,No,NA,NA
2022-RepAct22-007111_Redacted.pdf,2022-01-21 17:17:12.105,FALSE,NA,NA,No,Humacao,Puerto Rico,USA,Humacao,Puerto Rico,USA,REDACTED,From 25 to 50 million,ssn,36157,0,0,0,0,0,0,44341,0,2497,Rent,NA,2500,Vega Alta,0,TRUE,2018,2019,3,3,0,0,0,0,2,4,2,0,0,0,1,Financial,FALSE,NA,NA,NA,NA,NA,NA,NA,NA,NA,NA,1,300,1e+05,No,NA,NA
2022-RepAct22-007112_Redacted.pdf,2022-01-21 17:18:57.07,FALSE,NA,NA,No,Humacao,Puerto Rico,USA,Humacao,Puerto Rico,USA,REDACTED,From 25 to 50 million,ssn,107889,0,0,0,0,0,0,10000,0,42313,Rent,NA,2500,Vega Alta,0,TRUE,2019,2020,3,3,0,0,0,0,4,4,0,0,0,0,1,Real Estate/Property,FALSE,NA,NA,NA,NA,NA,NA,NA,NA,NA,NA,1,300,110000,No,NA,NA
2022-RepAct22-007115_Redacted.pdf,2022-01-26 10:13:09.88,FALSE,NA,NA,true,Guaynabo,REDACTED,USA,San Juan,Puerto Rico,USA,REDACTED,Less than 1 million,Social Security Number,0,0,0,0,0,0,0,0,0,0,Rent,NA,2770,Guaynabo,0,FALSE,NA,NA,NA,NA,NA,NA,NA,NA,NA,NA,NA,NA,NA,NA,0,NA,NA,NA,NA,NA,NA,NA,NA,NA,NA,NA,NA,1,345,132850,No,NA,NA
2022-RepAct22-007151_Redacted.pdf,2022-01-27 18:06:37.039,FALSE,NA,NA,No,Carolina,REDACTED,USA,Carolina,Puerto Rico,USA,REDACTED,From 10 to 25 million,ssn,0,0,253535,0,0,0,0,21080,37270,0,Own,2100000,NA,NA,1,TRUE,2019,2020,1e+05,225000,125000,2100000,2100000,0,133151,231146,97995,0,0,0,1,Telecommunication,TRUE,NA,NA,NA,NA,NA,NA,NA,NA,NA,NA,1,365,125000,Yes,5000,NA
2022-RepAct22-007171_Redacted.pdf,2022-01-31 12:41:50.249,FALSE,NA,NA,true,San Juan,Puerto Rico,USA,San Juan,Puerto Rico,USA,REDACTED,Less than 1 million,Social Security Number,990,0,8351,0,0,0,2250,0,0,0,Own,7e+05,NA,NA,0,TRUE,2019,2020,0,850000,850000,0,350000,350000,0,250000,250000,0,0,0,0,NA,NA,NA,NA,NA,NA,NA,NA,NA,NA,NA,NA,1,323,50000,Yes,5000,NA
2022-RepAct22-007172_Redacted.pdf,2022-02-02 14:01:10.558,FALSE,NA,NA,No,Humacao,Puerto Rico,USA,Humacao,Puerto Rico,USA,REDACTED,From 1 to 5 million,Social Security Number,516,0,1867873,0,0,0,0,129503,29956,0,Own,2e+06,NA,NA,0,TRUE,2018,2019,371227,22239,-348988,575000,2e+06,1425000,6050,6050,0,0,0,0,1,Services,TRUE,NA,NA,NA,NA,NA,NA,NA,NA,NA,NA,1,330,44500,No,NA,NA
2022-RepAct22-007173_Redacted.pdf,2022-02-01 10:55:39.687,FALSE,NA,NA,No,San Juan,Puerto Rico,USA,San Juan,Puerto Rico,USA,REDACTED,From 5 to 10 million,ssn,0,250000,0,50000,3e+06,0,0,0,0,15000,Own,9e+05,NA,NA,0,FALSE,NA,NA,NA,NA,NA,NA,NA,NA,NA,NA,NA,NA,NA,NA,0,NA,NA,NA,NA,NA,NA,NA,NA,NA,NA,NA,NA,1,270,2e+05,No,NA,NA
2022-RepAct22-007191_Redacted.pdf,2022-01-13 15:41:48.017,TRUE,date_of_decree,01-01-2019,No,Dorado,Puerto Rico,USA,Dorado,Puerto Rico,USA,31-12-2020,From 5 to 10 million,Social Security Number,0,0,250000,0,0,0,0,84000,0,0,Own,575000,NA,NA,0,NA,NA,2020,NA,NA,NA,NA,NA,NA,NA,NA,NA,NA,NA,NA,1,Services,TRUE,NA,NA,NA,NA,NA,NA,NA,NA,NA,NA,1,298,2e+05,Yes,5000,NA
2022-RepAct22-007211_Redacted.pdf,2022-02-03 18:30:10.331,FALSE,NA,NA,true,Río Grande,Puerto Rico,USA,Río Grande,Puerto Rico,USA,REDACTED,From 1 to 5 million,Social Security Number,9445,0,6696,0,98217,0,0,154300,0,3843003,Own,949000,NA,NA,1,TRUE,2019,2020,568862,1137725,568863,855375,1286500,431125,7339796,14679593,7339797,88810,177620,88810,1,Financial,TRUE,NA,NA,NA,NA,NA,NA,NA,NA,NA,NA,1,257,50000,Yes,5000,NA
2022-RepAct22-007213_Redacted.pdf,2022-02-03 21:43:02.315,FALSE,NA,NA,true,Río Grande,REDACTED,USA,Río Grande,Puerto Rico,USA,REDACTED,Less than 1 million,Social Security Number,0,0,0,0,0,0,0,0,0,0,Rent,NA,1,Río Grande,0,FALSE,NA,NA,NA,NA,NA,NA,NA,NA,NA,NA,NA,NA,NA,NA,0,NA,NA,NA,NA,NA,NA,NA,NA,NA,NA,NA,NA,1,340,1000,Yes,10000,NA
2022-RepAct22-007214_Redacted.pdf,2022-02-04 12:10:52.248,FALSE,NA,NA,No,Río Grande,Puerto Rico,USA,RIO GRANDE,Puerto Rico,USA,REDACTED,From 5 to 10 million,ssn,67,0,336687,0,0,0,0,0,13147,3424,Own,4e+05,NA,NA,0,TRUE,2019,2020,625000,625000,0,4e+05,4e+05,0,8651878,7900812,-751066,15000,15000,0,3,INVESTMENTS,FALSE,INVESTMENTS,FALSE,INVESTMENTS,FALSE,NA,NA,NA,NA,NA,NA,1,250,20000,No,NA,NA
2022-RepAct22-007215_Redacted.pdf,2022-02-04 12:25:44.062,FALSE,NA,NA,No,Río Grande,Puerto Rico,USA,RIO GRANDE,Puerto Rico,USA,REDACTED,From 5 to 10 million,ssn,67,0,336687,0,0,0,0,0,12859,3424,Own,4e+05,NA,NA,0,TRUE,2019,2020,625000,625000,0,4e+05,4e+05,0,8651878,7900812,-751066,15000,15000,0,3,INVESTMENTS,FALSE,INVESTMENTS,FALSE,INVESTMENTS,FALSE,NA,NA,NA,NA,NA,NA,1,250,20000,No,NA,NA
2022-RepAct22-007220_Redacted.pdf,2022-02-04 13:48:56.579,FALSE,NA,NA,true,San Juan,Puerto Rico,USA,San Juan,Puerto Rico,USA,REDACTED,From 1 to 5 million,ssn,13151,0,44,0,398491,0,0,89775,53909,4051,Own,450000,NA,NA,0,TRUE,2019,2020,10000,10000,0,450000,450000,0,0,0,0,0,0,0,0,NA,NA,NA,NA,NA,NA,NA,NA,NA,NA,NA,NA,1,339,82000,Yes,5000,NA
2022-RepAct22-007231_Redacted.pdf,2022-02-05 11:02:50.25,FALSE,NA,NA,true,San Juan,Puerto Rico,USA,San Juan,Puerto Rico,USA,REDACTED,From 5 to 10 million,Social Security Number,14,0,1419,0,7856,0,0,50000,0,14077,Rent,NA,5000,San Germán,0,TRUE,2019,2020,0,150000,150000,0,0,0,0,2320,2320,0,50000,50000,1,REDACTED,TRUE,NA,NA,NA,NA,NA,NA,NA,NA,NA,NA,1,288,250000,Yes,5000,NA
2022-RepAct22-007252_Redacted.pdf,2022-02-08 17:19:12.408,FALSE,NA,NA,No,San Juan,REDACTED,USA,San Juan,Puerto Rico,USA,REDACTED,Less than 1 million,Social Security Number,0,0,0,0,0,0,0,344508,0,0,Own,515000,NA,NA,0,FALSE,NA,NA,NA,NA,NA,NA,NA,NA,NA,NA,NA,NA,NA,NA,1,Health Industry,TRUE,NA,NA,NA,NA,NA,NA,NA,NA,NA,NA,1,350,201210,No,NA,NA
2022-RepAct22-007253_Redacted.pdf,2022-02-08 17:33:52.384,FALSE,NA,NA,No,San Juan,Puerto Rico,USA,San Juan,Puerto Rico,USA,REDACTED,Less than 1 million,Social Security Number,0,0,0,0,0,0,0,501852,0,0,Own,515000,NA,NA,0,FALSE,NA,NA,NA,NA,NA,NA,NA,NA,NA,NA,NA,NA,NA,NA,1,Health Industry,TRUE,NA,NA,NA,NA,NA,NA,NA,NA,NA,NA,1,350,188842,No,NA,NA
2022-RepAct22-007254_Redacted.pdf,2022-02-08 17:59:00.476,FALSE,NA,NA,No,San Juan,Puerto Rico,USA,San Juan,Puerto Rico,USA,REDACTED,Less than 1 million,Social Security Number,200,26,0,0,0,0,0,571501,0,0,Own,515000,NA,NA,0,FALSE,NA,NA,NA,NA,NA,NA,NA,NA,NA,NA,NA,NA,NA,NA,1,Health Industry,TRUE,NA,NA,NA,NA,NA,NA,NA,NA,NA,NA,1,350,73032,No,NA,NA
2022-RepAct22-007255_Redacted.pdf,2022-02-08 18:15:36.233,FALSE,NA,NA,No,San Juan,REDACTED,USA,San Juan,Puerto Rico,USA,REDACTED,Less than 1 million,Social Security Number,200,130,0,0,0,3376,0,614336,0,0,Own,515000,NA,NA,0,FALSE,NA,NA,NA,NA,NA,NA,NA,NA,NA,NA,NA,NA,NA,NA,1,Health Industry,TRUE,NA,NA,NA,NA,NA,NA,NA,NA,NA,NA,1,350,87876,No,NA,NA
2022-RepAct22-007256_Redacted.pdf,2022-02-10 15:41:37.067,FALSE,NA,NA,true,San Juan,Puerto Rico,USA,San Juan,Puerto Rico,USA,REDACTED,More than 100 million,Social Security Number,456,0,1378194,0,171409,0,0,55150,0,857614,Own,3e+06,NA,NA,0,TRUE,2019,2020,0,10050000,10050000,0,3e+06,3e+06,0,100,100,0,1e+05,1e+05,1,CONSULTING SERVICES,TRUE,NA,NA,NA,NA,NA,NA,NA,NA,NA,NA,1,267,25000,Yes,5000,NA
2022-RepAct22-007257_Redacted.pdf,2022-03-10 14:34:04.867,FALSE,NA,NA,true,Dorado,Puerto Rico,USA,Dorado,Puerto Rico,USA,REDACTED,From 1 to 5 million,Social Security Number,0,0,0,0,93638,1683319,0,5769,0,3849,Own,2600000,NA,NA,0,TRUE,2019,2020,250000,2e+05,-50000,2600000,2600000,0,1e+05,1e+05,0,0,0,0,0,NA,NA,NA,NA,NA,NA,NA,NA,NA,NA,NA,NA,1,185,30000,Yes,5000,NA
2022-RepAct22-007258_Redacted.pdf,2022-03-10 16:54:08.887,FALSE,NA,NA,true,Denver,REDACTED,USA,Dorado,Puerto Rico,USA,REDACTED,From 1 to 5 million,Social Security Number,162,0,28,0,870,0,0,0,7852,1045,Own,2600000,NA,NA,0,TRUE,2019,2020,250000,2e+05,-50000,2600000,2600000,0,1e+05,1e+05,0,0,0,0,0,NA,NA,NA,NA,NA,NA,NA,NA,NA,NA,NA,NA,1,185,30000,Yes,5000,NA
2022-RepAct22-007271_Redacted.pdf,2022-02-11 09:54:37.998,FALSE,NA,NA,No,San Juan,REDACTED,USA,SAN JUAN,Puerto Rico,USA,REDACTED,Less than 1 million,ssn,0,0,0,0,0,0,180192.39,0,0,0,Rent,NA,1,San Juan,0,FALSE,NA,NA,NA,NA,NA,NA,NA,NA,NA,NA,NA,NA,NA,NA,0,NA,NA,NA,NA,NA,NA,NA,NA,NA,NA,NA,NA,1,190,25000,No,NA,NA
2022-RepAct22-007272_Redacted - 2.pdf,2022-03-01 14:33:32.148,FALSE,NA,NA,No,Dorado,Puerto Rico,USA,Dorado,Puerto Rico,USA,REDACTED,From 25 to 50 million,Social Security Number,7315,0,5579,0,22817697,0,0,0,0,176764,Own,5e+06,NA,NA,2,TRUE,2019,2020,1200000,1500000,3e+05,2200000,12500000,10300000,250000,250000,0,1e+05,1e+05,0,1,INVESTMENT MANAGEMENT,TRUE,NA,NA,NA,NA,NA,NA,NA,NA,NA,NA,1,320,3200000,Yes,3500,NA
2022-RepAct22-007272_Redacted.pdf,2022-03-01 14:33:32.148,FALSE,NA,NA,No,Dorado,Puerto Rico,USA,Dorado,Puerto Rico,USA,REDACTED,From 25 to 50 million,Social Security Number,7315,0,5579,0,22817697,0,0,0,0,176764,Own,5e+06,NA,NA,2,TRUE,2019,2020,1200000,1500000,3e+05,2200000,12500000,10300000,250000,250000,0,1e+05,1e+05,0,1,INVESTMENT MANAGEMENT,TRUE,NA,NA,NA,NA,NA,NA,NA,NA,NA,NA,1,320,3200000,Yes,3500,NA
2022-RepAct22-007276_Redacted.pdf,2022-02-18 16:44:44.33,FALSE,NA,NA,true,Carolina,REDACTED,USA,San Juan,Puerto Rico,USA,REDACTED,Less than 1 million,ssn,3770,0,108420,0,0,0,0,70769,0,7433,Rent,NA,4000,Carolina,2,TRUE,2018,2019,0,0,0,425000,765000,340000,0,0,0,0,0,0,1,Services,TRUE,NA,NA,NA,NA,NA,NA,NA,NA,NA,NA,1,215,1e+05,Yes,5000,NA
2022-RepAct22-007276_Redacted1.pdf,2022-02-18 16:44:44.33,FALSE,NA,NA,true,Carolina,REDACTED,USA,San Juan,Puerto Rico,USA,REDACTED,Less than 1 million,ssn,3770,0,108420,0,0,0,0,70769,0,7433,Rent,NA,4000,Carolina,2,TRUE,2018,2019,0,0,0,425000,765000,340000,0,0,0,0,0,0,1,Services,TRUE,NA,NA,NA,NA,NA,NA,NA,NA,NA,NA,1,215,1e+05,Yes,5000,NA
2022-RepAct22-007294_Redacted.pdf,2022-03-17 11:12:27.793,FALSE,NA,NA,No,Carolina,REDACTED,USA,Carolina,Puerto Rico,USA,31-12-2020,Less than 1 million,Social Security Number,664,0,205364,0,0,0,0,10633,0,0,Own,4e+05,NA,NA,0,TRUE,2019,2020,125435,192000,66565,350000,450000,1e+05,24752,72000,47248,0,0,0,1,Business Consulting,TRUE,NA,NA,NA,NA,NA,NA,NA,NA,NA,NA,1,304,50000,Yes,5000,NA
2022-RepAct22-007295_Redacted.pdf,2022-04-06 11:22:03.251,FALSE,NA,NA,No,Dorado,REDACTED,USA,Dorado,Puerto Rico,USA,31-12-2020,Less than 1 million,Social Security Number,48,0,2419860,0,8377557,0,0,130000,0,0,Own,2800000,NA,NA,0,TRUE,2019,2020,0,0,0,2500000,2500000,0,4400000,3300000,1100000,120000,120000,0,1,Consulting Services,TRUE,NA,NA,NA,NA,NA,NA,NA,NA,NA,NA,1,106,1e+05,Yes,10000,NA
2022-RepAct22-007351_Redacted.pdf,2022-02-24 09:56:58.245,FALSE,NA,NA,No,San Juan,Puerto Rico,USA,San Juan,Puerto Rico,USA,31-12-2019,From 5 to 10 million,Social Security Number,50441,0,764,0,0,0,0,60000,0,1359491,Own,8e+05,NA,NA,0,TRUE,2018,2019,25000,20000,-5000,750000,8e+05,50000,7235012,7823101,588089,0,0,0,1,Services,TRUE,NA,NA,NA,NA,NA,NA,NA,NA,NA,NA,1,266,60000,Yes,5000,NA
2022-RepAct22-007352_Redacted.pdf,2022-02-24 09:53:02.723,FALSE,NA,NA,No,San Juan,Puerto Rico,USA,San Juan,Puerto Rico,USA,31-12-2020,From 10 to 25 million,Social Security Number,70972,29342,32838,0,32653,0,0,60000,0,4226468,Own,1e+06,NA,NA,0,TRUE,2019,2020,20000,30000,10000,8e+05,1e+06,2e+05,7823101,9451095,1627994,0,0,0,2,Services,TRUE,Services,TRUE,NA,NA,NA,NA,NA,NA,NA,NA,1,267,60000,Yes,5000,NA
2022-RepAct22-007353_Redacted.pdf,2022-02-24 13:42:34.867,FALSE,NA,NA,true,San Juan,REDACTED,USA,San Juan,Puerto Rico,USA,31-12-2020,More than 100 million,Social Security Number,217899.5,0,134446,0,0,0,0,217266,19476187,0,Rent,NA,5000,San Juan,0,TRUE,2019,2020,33700,39032,5332,2408000,4932000,2524000,2408361,5395578,2987217,0,0,0,1,Services,TRUE,NA,NA,NA,NA,NA,NA,NA,NA,NA,NA,1,195,150000,Yes,5000,NA
2022-RepAct22-007371_Redacted.pdf,2022-03-03 09:08:07.128,FALSE,NA,NA,No,Rincón,REDACTED,USA,Rincón,Puerto Rico,USA,31-12-2020,Less than 1 million,Social Security Number,4481,0,118,0,152208,0,0,0,0,13186,Own,225000,NA,NA,0,NA,NA,2020,NA,NA,NA,NA,NA,NA,NA,NA,NA,NA,NA,NA,0,NA,NA,NA,NA,NA,NA,NA,NA,NA,NA,NA,NA,1,365,54000,No,NA,NA
2022-RepAct22-007374_Redacted.pdf,2022-02-24 14:07:43.272,FALSE,NA,NA,true,San Juan,REDACTED,USA,San Juan,Puerto Rico,USA,31-12-2020,More than 100 million,Social Security Number,217899.5,0,134446,0,0,0,0,225600,19476187,0,Rent,NA,5000,San Juan,0,TRUE,2019,2020,33700,39032,5332,2408000,4932000,2524000,2408361,5395578,2987217,0,0,0,1,Services,TRUE,NA,NA,NA,NA,NA,NA,NA,NA,NA,NA,1,195,150000,Yes,5000,NA
2022-RepAct22-007375_Redacted.pdf,2022-02-28 10:59:27.728,FALSE,NA,NA,true,San Juan,REDACTED,USA,San Juan,Puerto Rico,USA,31-12-2019,More than 100 million,Social Security Number,217064.5,0,3837910,0,0,0,0,37500,3884270,0,Rent,NA,5000,San Juan,0,TRUE,2018,2019,750,33700,32950,0,2408000,2408000,2225716,2408361,182645,0,0,0,1,Services,TRUE,NA,NA,NA,NA,NA,NA,NA,NA,NA,NA,1,195,150000,No,NA,NA
2022-RepAct22-007435_Redacted.pdf,2022-03-23 21:14:27.528,FALSE,NA,NA,No,San Juan,REDACTED,USA,San Juan,Puerto Rico,USA,31-12-2020,From 5 to 10 million,Social Security Number,11,0,10152785,0,11935500,288000,0,25600,1800,47650,Rent,NA,10000,San Juan,0,NA,NA,2020,NA,NA,NA,NA,NA,NA,NA,NA,NA,NA,NA,NA,1,Service,TRUE,NA,NA,NA,NA,NA,NA,NA,NA,NA,NA,1,183,50000,No,NA,NA
2022-RepAct22-007451_Redacted.pdf,2022-03-21 18:15:07.723,FALSE,NA,NA,No,Dorado,Puerto Rico,USA,Dorado,Puerto Rico,USA,31-12-2020,From 50 to 75 million,Social Security Number,25354,0,5366552,0,15662002,0,0,0,1724212,634794,Own,3258115,NA,NA,0,TRUE,2019,2020,0,423090,423090,3258115,3900000,641885,23161890,24791642,1629752,1e+05,1e+05,0,1,REDACTED,TRUE,NA,NA,NA,NA,NA,NA,NA,NA,NA,NA,1,300,50000,Ye,10000,NA
2022-RepAct22-007471_Redacted.pdf,2022-03-04 15:42:03.021,FALSE,NA,NA,No,San Juan,Puerto Rico,USA,San Juan,Puerto Rico,USA,31-12-2018,From 50 to 75 million,ssn,194997,0,596910,0,11723324,3565,0,0,0,78025,Own,3300000,NA,NA,0,TRUE,2017,2018,3559949,3087997,-471952,3300000,3300000,0,0,0,0,0,0,0,0,NA,NA,NA,NA,NA,NA,NA,NA,NA,NA,NA,NA,1,195,120000,Yes,43000,NA
2022-RepAct22-007491_Redacted.pdf,2022-03-06 16:07:29.786,FALSE,NA,NA,No,San Juan,Puerto Rico,USA,San Juan,Puerto Rico,USA,31-12-2019,From 50 to 75 million,ssn,76855.5,0,934608.5,0,7982830.5,45,0,0,0,44614,Own,3300000,NA,NA,0,TRUE,2018,2019,3087977,1429180,-1658797,3300000,3300000,0,0,0,0,0,0,0,0,NA,NA,NA,NA,NA,NA,NA,NA,NA,NA,NA,NA,1,211,45500,Ye,26000,NA
2022-RepAct22-007493_Redacted.pdf,2022-03-07 13:02:10.475,FALSE,NA,NA,true,Dorado,Puerto Rico,USA,Dorado,Puerto Rico,USA,31-12-2020,Less than 1 million,Social Security Number,0,0,0,0,0,0,0,0,0,0,Own,6030000,NA,NA,0,NA,NA,2020,NA,NA,NA,NA,NA,NA,NA,NA,NA,NA,NA,NA,1,REDACTED,TRUE,NA,NA,NA,NA,NA,NA,NA,NA,NA,NA,1,1,1,No,NA,NA
2022-RepAct22-007494_Redacted.pdf,2022-04-05 12:00:49.936,FALSE,NA,NA,true,Dorado,REDACTED,USA,Dorado,Puerto Rico,USA,31-12-2020,Less than 1 million,Social Security Number,0,0,0,0,0,0,0,0,0,0,Own,6030000,NA,NA,0,NA,NA,2020,NA,NA,NA,NA,NA,NA,NA,NA,NA,NA,NA,NA,1,REDACTED,TRUE,NA,NA,NA,NA,NA,NA,NA,NA,NA,NA,1,1,1,No,NA,NA
2022-RepAct22-007511_Redacted.pdf,2022-05-02 11:31:52.435,FALSE,NA,NA,true,Vega Alta,REDACTED,USA,VEGA ALTA,Puerto Rico,USA,31-12-2021,From 1 to 5 million,ssn,47,0,217,0,198041,0,0,0,0,0,Own,265000,NA,NA,0,TRUE,2020,2021,2165000,2119000,-46000,0,132500,132500,0,0,0,11000,10000,-1000,0,NA,NA,NA,NA,NA,NA,NA,NA,NA,NA,NA,NA,1,335,80000,Yes,5000,NA
2022-RepAct22-007512_Redacted.pdf,2022-05-04 12:25:22.815,FALSE,NA,NA,true,Arecibo,REDACTED,USA,Arecibo,Puerto Rico,USA,31-12-2020,From 5 to 10 million,Social Security Number,215391,0,120001,0,5273207,0,0,285000,0,0,Own,380000,NA,NA,0,TRUE,2019,2020,0,6845231,6845231,0,985000,985000,0,0,0,0,79450,79450,1,REDACTED,FALSE,NA,NA,NA,NA,NA,NA,NA,NA,NA,NA,1,126,110000,Yes,5000,NA
2022-RepAct22-007531_Redacted.pdf,2022-03-10 01:34:38.807,TRUE,business_decree_number_1,14-20-S-063,No,Carolina,REDACTED,USA,Carolina,Puerto Rico,USA,31-12-2018,From 5 to 10 million,Social Security Number,0,0,156336,0,0,0,0,0,0,0,Own,775000,NA,NA,0,TRUE,2017,2018,20000,25000,5000,1122000,1122000,0,51152,69700,18548,0,0,0,1,REDACTED,TRUE,NA,NA,NA,NA,NA,NA,NA,NA,NA,NA,1,207,70000,No,NA,NA
2022-RepAct22-007552_Redacted.pdf,2022-05-02 11:51:58.33,FALSE,NA,NA,true,Vega Alta,REDACTED,USA,NA,NA,NA,NA,From 1 to 5 million,ssn,47,0,217,0,198040,0,0,0,0,0,Own,265000,NA,NA,0,TRUE,2020,2021,150000,375000,225000,0,132500,132500,0,0,0,0,0,0,0,NA,NA,NA,NA,NA,NA,NA,NA,NA,NA,NA,NA,1,335,80000,Yes,5000,NA
2022-RepAct22-007572_Redacted.pdf,2022-03-17 17:11:03.337,FALSE,NA,NA,No,San Juan,REDACTED,USA,San Juan,Puerto Rico,USA,31-12-2020,Less than 1 million,Social Security Number,515,0,32,0,0,0,0,0,343451,0,Rent,NA,5500,San Juan,0,TRUE,2019,2020,0,0,0,0,0,0,0,107038,107038,0,0,0,1,REDACTED,TRUE,NA,NA,NA,NA,NA,NA,NA,NA,NA,NA,1,183,70000,No,NA,NA
2022-RepAct22-007611_Redacted.pdf,2022-03-23 10:23:57.425,FALSE,NA,NA,true,Guaynabo,REDACTED,USA,San Juan,Puerto Rico,USA,31-12-2021,More than 100 million,ssn,0,0,0,0,705015,0,0,0,0,0,Own,250000,NA,NA,0,NA,NA,2021,NA,NA,NA,NA,NA,NA,NA,NA,NA,NA,NA,NA,1,REDACTED,FALSE,NA,NA,NA,NA,NA,NA,NA,NA,NA,NA,1,268,1e+05,Yes,5000,NA
2022-RepAct22-007612_Redacted.pdf,2022-03-16 15:25:50.049,FALSE,NA,NA,No,Aguadilla,REDACTED,USA,Rincón,Puerto Rico,USA,31-12-2016,Less than 1 million,Social Security Number,0,500,0,1880,0,0,0,0,0,2513,Rent,NA,500,Cabo Rojo,0,NA,NA,2016,NA,NA,NA,NA,NA,NA,NA,NA,NA,NA,NA,NA,0,NA,NA,NA,NA,NA,NA,NA,NA,NA,NA,NA,NA,1,365,12012,No,NA,NA
2022-RepAct22-007651_Redacted.pdf,2022-03-24 10:18:41.457,FALSE,NA,NA,No,Vega Alta,REDACTED,USA,Dorado,Puerto Rico,USA,31-12-2020,Less than 1 million,Social Security Number,470,0,21,0,8504,0,0,60000,0,0,Rent,NA,3000,Vega Alta,0,TRUE,2019,2020,950000,7e+05,250000,0,0,0,0,0,0,0,0,0,1,REDACTED,TRUE,NA,NA,NA,NA,NA,NA,NA,NA,NA,NA,1,365,50000,No,NA,NA
2022-RepAct22-007654_Redacted.pdf,2022-04-05 09:45:57.222,FALSE,NA,NA,No,San Juan,REDACTED,USA,San Juan,Puerto Rico,USA,31-12-2020,From 1 to 5 million,Social Security Number,2073,0,1746,0,537294,0,0,140300,0,0,Rent,NA,4000,San Juan,1,TRUE,2019,2020,10000,1e+06,990000,0,1e+06,1e+06,0,0,0,15000,15000,0,1,REDACTED,TRUE,NA,NA,NA,NA,NA,NA,NA,NA,NA,NA,1,353,1e+05,No,NA,NA
2022-RepAct22-007655_Redacted.pdf,2022-03-18 15:33:33.504,FALSE,NA,NA,true,Dorado,Puerto Rico,USA,Dorado,Puerto Rico,USA,31-12-2019,Less than 1 million,Social Security Number,0,0,0,0,26188,0,0,0,0,0,Rent,NA,6000,Dorado,0,NA,NA,2019,NA,NA,NA,NA,NA,NA,NA,NA,NA,NA,NA,NA,1,REDACTED,FALSE,NA,NA,NA,NA,NA,NA,NA,NA,NA,NA,1,10,70000,Yes,5000,NA
2022-RepAct22-007656_Redacted.pdf,2022-03-18 16:01:20.186,FALSE,NA,NA,true,Dorado,Puerto Rico,USA,Dorado,Puerto Rico,USA,31-12-2019,Less than 1 million,Social Security Number,0,0,0,0,26188,0,0,0,0,0,Rent,NA,13000,Dorado,0,NA,NA,2019,NA,NA,NA,NA,NA,NA,NA,NA,NA,NA,NA,NA,1,REDACTED,FALSE,NA,NA,NA,NA,NA,NA,NA,NA,NA,NA,1,211,1100000,Yes,5000,NA
2022-RepAct22-007657_Redacted.pdf,2022-03-21 09:11:36.965,FALSE,NA,NA,No,Carolina,REDACTED,USA,Carolina,Puerto Rico,USA,31-12-2017,From 5 to 10 million,Social Security Number,0,0,322300,0,0,0,0,0,0,0,Own,775000,NA,NA,0,NA,NA,2017,NA,NA,NA,NA,NA,NA,NA,NA,NA,NA,NA,NA,0,NA,NA,NA,NA,NA,NA,NA,NA,NA,NA,NA,NA,1,210,70000,No,NA,NA
2022-RepAct22-007733_Redacted.pdf,2022-03-24 16:01:39.266,FALSE,NA,NA,No,Humacao,REDACTED,USA,Carolina,Puerto Rico,USA,31-12-2021,Less than 1 million,Social Security Number,0,0,25027,0,0,0,0,30000,0,0,Rent,NA,2475,Carolina,0,NA,NA,2021,NA,NA,NA,NA,NA,NA,NA,NA,NA,NA,NA,NA,1,REDACTED,TRUE,NA,NA,NA,NA,NA,NA,NA,NA,NA,NA,1,293,90000,Yes,5000,NA
2022-RepAct22-007734_Redacted.pdf,2022-03-25 06:36:47.000,FALSE,NA,NA,No,San Juan,REDACTED,USA,San Juan,Puerto Rico,USA,REDACTED,Less than 1 million,REDACTED,0,0,58998,0,0,0,0,30000,0,0,Rent,NA,3500,Dorado,0,FALSE,NA,NA,NA,NA,NA,NA,NA,NA,NA,NA,NA,NA,NA,NA,0,NA,NA,NA,NA,NA,NA,NA,NA,NA,NA,NA,NA,1,322,75000,Yes,5000,NA
2022-RepAct22-007751_Redacted.pdf,2022-03-29 18:13:46.889,FALSE,NA,NA,true,San Juan,REDACTED,USA,San Juan,Puerto Rico,USA,31-12-2020,From 5 to 10 million,ssn,3,0,102882,0,5581574,0,0,0,0,0,Rent,NA,8500,San Juan,0,TRUE,2019,2020,0,20500,20500,0,0,0,0,0,0,0,50000,50000,0,NA,NA,NA,NA,NA,NA,NA,NA,NA,NA,NA,NA,1,300,150000,Yes,65000,NA
2022-RepAct22-007752_Redacted.pdf,2022-03-28 14:58:35.056,FALSE,NA,NA,No,San Juan,Puerto Rico,USA,San Juan,Puerto Rico,USA,31-12-2021,From 1 to 5 million,ssn,0,0,0,0,220000,0,0,0,0,0,Rent,NA,3400,San Juan,0,TRUE,2020,2021,0,0,0,0,0,0,0,0,0,0,0,0,0,NA,NA,NA,NA,NA,NA,NA,NA,NA,NA,NA,NA,1,335,75000,Yes,5000,NA
2022-RepAct22-007772_Redacted.pdf,2022-03-29 18:42:53.69,FALSE,NA,NA,No,Humacao,REDACTED,USA,Río Grande,Puerto Rico,USA,31-12-2021,From 1 to 5 million,Social Security Number,0,0,766615,0,0,0,0,30000,0,0,Own,375000,NA,NA,0,TRUE,2020,2021,70000,312500,242500,3e+05,375000,75000,0,187500,187500,250000,375000,125000,1,consulting,TRUE,NA,NA,NA,NA,NA,NA,NA,NA,NA,NA,1,253,43000,Yes,5000,NA
2022-RepAct22-007773_Redacted.pdf,2022-03-29 18:54:26.172,FALSE,NA,NA,true,San Juan,REDACTED,USA,San Juan,Puerto Rico,USA,31-12-2020,From 5 to 10 million,Social Security Number,3,0,102882,0,5581574,0,0,0,0,0,Rent,NA,8500,San Juan,0,TRUE,2019,2020,0,20500,20500,0,0,0,0,0,0,0,50000,50000,0,NA,NA,NA,NA,NA,NA,NA,NA,NA,NA,NA,NA,1,300,150000,Yes,65000,NA
2022-RepAct22-007774_Redacted.pdf,2022-03-29 19:05:00.061,FALSE,NA,NA,true,Río Grande,REDACTED,USA,Río Grande,Puerto Rico,USA,31-12-2021,From 1 to 5 million,Social Security Number,0,0,50000,0,766615,0,0,40000,0,0,Own,375000,NA,NA,0,TRUE,2020,2021,7e+05,312500,-387500,3e+05,375000,75000,0,187500,187500,250000,375000,125000,1,Trading company,TRUE,NA,NA,NA,NA,NA,NA,NA,NA,NA,NA,1,253,43000,Yes,5000,NA
2022-RepAct22-007791_Redacted.pdf,2022-04-18 18:16:17.78,FALSE,NA,NA,true,San Juan,REDACTED,USA,San Juan,Puerto Rico,USA,31-12-2021,From 1 to 5 million,Social Security Number,2.41,0,368041,0,51145,0,0,0,0,0,Rent,NA,3000,San Juan,0,TRUE,2020,2021,6e+05,1e+05,-5e+05,0,0,0,5e+05,1e+06,5e+05,0,0,0,1,CONSULTING,TRUE,NA,NA,NA,NA,NA,NA,NA,NA,NA,NA,1,348,30000,Yes,5000,NA
2022-RepAct22-007792_Redacted.pdf,2022-04-05 08:01:42.364,FALSE,NA,NA,No,San Juan,Puerto Rico,USA,San Juan,Puerto Rico,USA,31-12-2020,Less than 1 million,Social Security Number,18381,0,0,0,227927,0,0,10500,0,0,Rent,NA,3150,San Juan,0,TRUE,2019,2020,0,12500,12500,0,0,0,50000,0,-50000,196500,633500,437000,1,Software Development Services,TRUE,NA,NA,NA,NA,NA,NA,NA,NA,NA,NA,1,221,120000,No,NA,NA
2022-RepAct22-007811_Redacted.pdf,2022-04-13 11:05:17.393,FALSE,NA,NA,true,San Juan,REDACTED,USA,San Juan,Puerto Rico,USA,31-12-2021,Less than 1 million,Social Security Number,2862,0,0,0,664392,0,0,0,0,800,Own,235001,NA,NA,0,TRUE,2020,2021,10000,10000,0,250000,4e+05,150000,0,0,0,0,0,0,0,NA,NA,NA,NA,NA,NA,NA,NA,NA,NA,NA,NA,1,282,10000,Yes,5000,NA
2022-RepAct22-007832_Redacted.pdf,2022-04-05 16:17:55.402,FALSE,NA,NA,true,San Juan,REDACTED,USA,San Juan,Puerto Rico,USA,31-12-2020,Less than 1 million,Social Security Number,0,0,38741,0,0,0,0,25000,0,0,Rent,NA,1850,San Juan,0,TRUE,2019,2020,0,0,0,0,0,0,0,309000,309000,0,0,0,1,Consulting Services,TRUE,NA,NA,NA,NA,NA,NA,NA,NA,NA,NA,1,190,120000,Yes,5000,NA
2022-RepAct22-007833_Redacted.pdf,2022-04-13 14:57:14.658,FALSE,NA,NA,true,Dorado,REDACTED,USA,Dorado,Puerto Rico,USA,31-12-2021,More than 100 million,Social Security Number,90.5,0,2.5,0,3227019.5,43914,0,0,0,53387,Own,1400000,NA,NA,0,TRUE,2020,2021,37500000,60500000,2.3e+07,7e+05,2100000,1400000,0,0,0,0,0,0,0,NA,NA,NA,NA,NA,NA,NA,NA,NA,NA,NA,NA,1,306,1e+05,Yes,5000,NA
2022-RepAct22-007834_Redacted.pdf,2022-04-04 16:07:12.972,FALSE,NA,NA,true,San Juan,REDACTED,USA,San Juan,Puerto Rico,USA,31-12-2021,From 1 to 5 million,ssn,0,0,2185.84,0,316906.98,0,0,4604.68,0,0,Rent,NA,2250,San Juan,0,TRUE,2020,2021,2267695,2591392,323697,0,0,0,0,0,0,0,0,0,0,NA,NA,NA,NA,NA,NA,NA,NA,NA,NA,NA,NA,1,365,20000,Yes,5000,NA
2022-RepAct22-007835_Redacted.pdf,2022-04-13 15:30:19.567,FALSE,NA,NA,true,Dorado,Puerto Rico,USA,Dorado,Puerto Rico,USA,31-12-2021,More than 100 million,Social Security Number,90.5,0,2.5,0,3227019.5,43914,0,0,0,53387,Own,1400000,NA,NA,0,TRUE,2020,2021,37500000,60500000,2.3e+07,7e+05,2100000,1400000,0,0,0,0,0,0,0,NA,NA,NA,NA,NA,NA,NA,NA,NA,NA,NA,NA,1,311,1e+05,Yes,5000,NA
2022-RepAct22-007871_Redacted.pdf,2022-04-12 12:13:02.631,FALSE,NA,NA,true,Jayuya,REDACTED,USA,Jayuya,Puerto Rico,USA,31-12-2021,From 5 to 10 million,Social Security Number,3186,0,258635,1425,3874008,308852,0,0,0,600,Own,225000,NA,NA,0,TRUE,2020,2021,1e+06,3e+06,2e+06,1e+06,1100000,1e+05,0,0,0,0,0,0,0,NA,NA,NA,NA,NA,NA,NA,NA,NA,NA,NA,NA,1,357,5e+05,Yes,5000,NA
2022-RepAct22-007872_Redacted.pdf,2022-04-07 10:23:35.162,FALSE,NA,NA,true,San Juan,REDACTED,USA,San Juan,Puerto Rico,USA,31-12-2018,From 1 to 5 million,Social Security Number,0,0,0,0,0,0,0,200792,0,9907084,Own,1325000,NA,NA,0,TRUE,2017,2018,0,3e+05,3e+05,0,1325000,1325000,0,5618613,5618613,0,0,0,1,Services,TRUE,NA,NA,NA,NA,NA,NA,NA,NA,NA,NA,1,253,1e+05,Yes,5000,NA
2022-RepAct22-007874_Redacted - 2.pdf,2022-04-05 12:25:56.767,FALSE,NA,NA,true,Carolina,REDACTED,USA,REDACTED,Puerto Rico,USA,31-12-2021,From 1 to 5 million,Social Security Number,0,0,1347,0,165359,0,0,0,0,7550,Own,6e+05,NA,NA,3,TRUE,2020,2021,7e+05,7e+05,0,2800000,3800000,1e+06,0,0,0,0,0,0,1,Real Estate/Property,FALSE,NA,NA,NA,NA,NA,NA,NA,NA,NA,NA,1,300,3e+05,Yes,5000,NA
2022-RepAct22-007874_Redacted - 3.pdf,2022-04-05 12:25:56.767,FALSE,NA,NA,true,Carolina,REDACTED,USA,REDACTED,Puerto Rico,USA,31-12-2021,From 1 to 5 million,Social Security Number,0,0,1347,0,165359,0,0,0,0,7550,Own,6e+05,NA,NA,3,TRUE,2020,2021,7e+05,7e+05,0,2800000,3800000,1e+06,0,0,0,0,0,0,1,Real Estate/Property,FALSE,NA,NA,NA,NA,NA,NA,NA,NA,NA,NA,1,300,3e+05,Yes,5000,NA
2022-RepAct22-007874_Redacted.pdf,2022-04-05 12:25:56.767,FALSE,NA,NA,true,Carolina,REDACTED,USA,REDACTED,Puerto Rico,USA,31-12-2021,From 1 to 5 million,Social Security Number,0,0,1347,0,165359,0,0,0,0,7550,Own,6e+05,NA,NA,3,TRUE,2020,2021,7e+05,7e+05,0,2800000,3800000,1e+06,0,0,0,0,0,0,1,Real Estate/Property,FALSE,NA,NA,NA,NA,NA,NA,NA,NA,NA,NA,1,300,3e+05,Yes,5000,NA
2022-RepAct22-007891_Redacted.pdf,2022-04-07 01:02:37.417,TRUE,rental_zip_code,00901,true,San Juan,REDACTED,USA,San Juan,N/A,USA,31-12-2020,From 1 to 5 million,ssn,25,0,1966661,0,0,0,0,1e+05,0,0,Rent,NA,3400,San Juan,0,NA,NA,2020,NA,NA,NA,NA,NA,NA,NA,NA,NA,NA,NA,NA,1,Services,TRUE,NA,NA,NA,NA,NA,NA,NA,NA,NA,NA,1,4,1000,Yes,5000,NA
2022-RepAct22-007911_Redacted.pdf,2022-04-11 12:58:49.96,FALSE,NA,NA,true,Humacao,REDACTED,USA,Humacao,Puerto Rico,USA,31-12-2021,From 5 to 10 million,Social Security Number,12783,0,244041,0,1005542,58,0,0,0,1688,Own,350000,NA,NA,1,TRUE,2020,2021,4500000,4750000,250000,3e+05,1e+06,7e+05,0,0,0,1e+05,1e+05,0,0,NA,NA,NA,NA,NA,NA,NA,NA,NA,NA,NA,NA,1,300,75000,Yes,5000,NA
2022-RepAct22-007913_Redacted.pdf,2022-04-17 20:13:43.066,FALSE,NA,NA,No,Guaynabo,REDACTED,USA,San Juan,Puerto Rico,USA,31-12-2021,Less than 1 million,REDACTED,0,0,1e+05,0,143334,93749,0,30000,0,0,Own,150000,NA,NA,0,TRUE,2020,2021,171400,55765,-115635,0,150000,150000,10000,1e+05,90000,2630,173900,171270,1,Services,TRUE,NA,NA,NA,NA,NA,NA,NA,NA,NA,NA,1,185,2e+05,Yes,5000,NA
2022-RepAct22-007914_Redacted.pdf,2022-04-15 12:10:23.318,FALSE,NA,NA,true,Carolina,REDACTED,USA,San Juan,Puerto Rico,USA,31-12-2021,From 10 to 25 million,Social Security Number,97,0,318036,0,90581,494057,0,0,0,57522,Rent,NA,2500,Carolina,0,TRUE,2020,2021,0,135000,135000,0,0,0,0,35000,35000,0,0,0,0,NA,NA,NA,NA,NA,NA,NA,NA,NA,NA,NA,NA,1,323,115000,Yes,6036,NA
2022-RepAct22-007931_Redacted.pdf,2022-05-04 14:22:51.327,FALSE,NA,NA,true,Humacao,REDACTED,USA,Humacao,Puerto Rico,USA,31-12-2021,From 5 to 10 million,Social Security Number,6876,0,154150,0,1805261,0,0,0,0,11529,Own,3e+05,NA,NA,1,TRUE,2020,2021,5e+06,7e+06,2e+06,3e+05,7e+05,4e+05,0,0,0,0,0,0,0,NA,NA,NA,NA,NA,NA,NA,NA,NA,NA,NA,NA,1,299,180000,Yes,5000,NA
2022-RepAct22-007932_Redacted.pdf,2022-04-13 17:16:02.327,FALSE,NA,NA,No,Carolina,Puerto Rico,USA,Carolina,Puerto Rico,USA,31-12-2021,Less than 1 million,Social Security Number,0,0,27000,0,0,0,0,23333,0,0,Own,71000,NA,NA,0,TRUE,2020,2021,30000,10000,-20000,150000,150000,0,0,0,0,0,0,0,1,EXPORT BUSINESS,TRUE,NA,NA,NA,NA,NA,NA,NA,NA,NA,NA,1,365,20000,No,NA,NA
2022-RepAct22-007957_Redacted.pdf,2022-04-14 21:39:37.375,FALSE,NA,NA,No,San Juan,"Puerto Rico,",USA,San Juan,Puerto Rico,USA,31-12-2021,From 1 to 5 million,ssn,0,1102,0,6068,391971,0,0,0,0,106785,Own,950000,NA,NA,0,NA,NA,2021,NA,NA,NA,NA,NA,NA,NA,NA,NA,NA,NA,NA,0,NA,NA,NA,NA,NA,NA,NA,NA,NA,NA,NA,NA,1,355,255000,No,NA,NA
2022-RepAct22-007962_Redacted.pdf,2022-04-14 22:57:04.07,FALSE,NA,NA,No,San Juan,REDACTED,USA,San Juan,Puerto Rico,USA,31-12-2021,From 10 to 25 million,ssn,0,0,0,0,24061715,0,0,0,0,0,Rent,NA,2200,San Juan,0,NA,NA,2021,NA,NA,NA,NA,NA,NA,NA,NA,NA,NA,NA,NA,0,NA,NA,NA,NA,NA,NA,NA,NA,NA,NA,NA,NA,1,189,30000,No,NA,NA
2022-RepAct22-007967_Redacted.pdf,2022-04-15 19:33:29.055,FALSE,NA,NA,No,San Juan,REDACTED,USA,San Juan,Puerto Rico,USA,31-12-2021,From 10 to 25 million,ssn,1107,0,5556,0,4426073,0,0,0,45000,0,Own,160000,NA,NA,0,NA,NA,2021,NA,NA,NA,NA,NA,NA,NA,NA,NA,NA,NA,NA,0,NA,NA,NA,NA,NA,NA,NA,NA,NA,NA,NA,NA,1,184,45000,No,NA,NA
2022-RepAct22-007978_Redacted.pdf,2022-04-18 18:08:56.738,FALSE,NA,NA,No,San Juan,REDACTED,USA,NA,NA,NA,NA,From 1 to 5 million,ssn,273.55,0,0,0,0,0,0,0,0,0,Rent,NA,975,San Juan,0,FALSE,NA,NA,NA,NA,NA,NA,NA,NA,NA,NA,NA,NA,NA,NA,0,NA,NA,NA,NA,NA,NA,NA,NA,NA,NA,NA,NA,1,365,30000,No,NA,NA
2022-RepAct22-007991_Redacted.pdf,2022-04-23 00:44:52.406,FALSE,NA,NA,true,San Juan,Puerto Rico,USA,Barceloneta,Puerto Rico,USA,NA,Less than 1 million,NA,0,0,0,0,0,0,0,0,0,0,Own,120000,NA,NA,0,TRUE,0,2020,0,0,0,0,0,0,0,0,0,0,0,0,1,Retail Services,FALSE,NA,NA,NA,NA,NA,NA,NA,NA,NA,NA,1,348,50000,Yes,5000,NA
2022-RepAct22-008036_Redacted - Copy (2).pdf,2022-04-22 16:13:45.046,FALSE,NA,NA,true,San Juan,REDACTED,USA,San Juan,Puerto Rico,USA,31-12-2021,From 1 to 5 million,Social Security Number,0,0,0,0,194417,0,0,0,0,0,Rent,NA,2400,San Juan,0,TRUE,2020,2021,0,9e+05,9e+05,0,0,0,0,0,0,0,0,0,0,NA,NA,NA,NA,NA,NA,NA,NA,NA,NA,NA,NA,1,185,40000,No,NA,NA
2022-RepAct22-008036_Redacted - Copy (3).pdf,2022-04-22 16:13:45.046,FALSE,NA,NA,true,San Juan,REDACTED,USA,San Juan,Puerto Rico,USA,31-12-2021,From 1 to 5 million,Social Security Number,0,0,0,0,194417,0,0,0,0,0,Rent,NA,2400,San Juan,0,TRUE,2020,2021,0,9e+05,9e+05,0,0,0,0,0,0,0,0,0,0,NA,NA,NA,NA,NA,NA,NA,NA,NA,NA,NA,NA,1,185,40000,No,NA,NA
2022-RepAct22-008036_Redacted - Copy.pdf,2022-04-22 16:13:45.046,FALSE,NA,NA,true,San Juan,REDACTED,USA,San Juan,Puerto Rico,USA,31-12-2021,From 1 to 5 million,Social Security Number,0,0,0,0,194417,0,0,0,0,0,Rent,NA,2400,San Juan,0,TRUE,2020,2021,0,9e+05,9e+05,0,0,0,0,0,0,0,0,0,0,NA,NA,NA,NA,NA,NA,NA,NA,NA,NA,NA,NA,1,185,40000,No,NA,NA
2022-RepAct22-008036_Redacted.pdf,2022-04-22 16:13:45.046,FALSE,NA,NA,true,San Juan,REDACTED,USA,San Juan,Puerto Rico,USA,31-12-2021,From 1 to 5 million,Social Security Number,0,0,0,0,194417,0,0,0,0,0,Rent,NA,2400,San Juan,0,TRUE,2020,2021,0,9e+05,9e+05,0,0,0,0,0,0,0,0,0,0,NA,NA,NA,NA,NA,NA,NA,NA,NA,NA,NA,NA,1,185,40000,No,NA,NA
2022-RepAct22-008037_Redacted.pdf,2022-04-22 18:34:25.903,FALSE,NA,NA,No,Humacao,Puerto Rico,USA,Humacao,Puerto Rico,USA,31-12-2019,From 5 to 10 million,Social Security Number,1024,0,68217,0,0,0,0,0,0,682,Own,9e+05,NA,NA,0,TRUE,2018,2019,10000,50000,40000,9e+05,9e+05,0,0,0,0,0,0,0,1,REDACTED,TRUE,NA,NA,NA,NA,NA,NA,NA,NA,NA,NA,1,365,120000,No,NA,NA
2022-RepAct22-008038_Redacted.pdf,2022-04-22 17:25:50.777,FALSE,NA,NA,true,Aibonito,REDACTED,USA,Aibonito,Puerto Rico,USA,31-12-2021,From 1 to 5 million,Social Security Number,11,0,0,0,480267,0,0,0,0,0,Rent,NA,500,Aibonito,0,TRUE,2020,2021,2164722,2500000,335278,20000,0,-20000,0,0,0,0,0,0,0,NA,NA,NA,NA,NA,NA,NA,NA,NA,NA,NA,NA,1,351,1e+05,Yes,5000,NA
2022-RepAct22-008039_Redacted.pdf,2022-04-22 19:07:47.693,FALSE,NA,NA,No,Humacao,Puerto Rico,USA,Humacao,Puerto Rico,USA,31-12-2019,From 5 to 10 million,Social Security Number,1024,0,68217,0,0,0,0,1362350,682,0,Own,9e+05,NA,NA,0,TRUE,2018,2019,10000,50000,40000,9e+05,9e+05,0,0,0,0,0,0,0,1,INVESTMENT CONSULTING,TRUE,NA,NA,NA,NA,NA,NA,NA,NA,NA,NA,1,365,120000,No,NA,NA
2022-RepAct22-008041_Redacted.pdf,2022-04-23 14:30:02.787,FALSE,NA,NA,true,Isabela,REDACTED,USA,isabela,N/A,USA,31-12-2020,Less than 1 million,ssn,0,0,57361.56,0,0,188162,0,52800,0,0,Rent,NA,500,Rincón,0,NA,NA,2020,NA,NA,NA,NA,NA,NA,NA,NA,NA,NA,NA,NA,0,NA,NA,NA,NA,NA,NA,NA,NA,NA,NA,NA,NA,1,196,22713,No,NA,NA
2022-RepAct22-008044_Redacted.pdf,2022-04-25 13:23:30.992,FALSE,NA,NA,true,San Juan,REDACTED,USA,San Juan,N/A,USA,31-12-2021,From 1 to 5 million,ssn,0,0,0,26425,502933,0,0,0,0,0,Rent,NA,5000,San Juan,0,NA,NA,2021,NA,NA,NA,NA,NA,NA,NA,NA,NA,NA,NA,NA,0,NA,NA,NA,NA,NA,NA,NA,NA,NA,NA,NA,NA,1,343,150000,No,NA,NA
2022-RepAct22-008046_Redacted - Copy.pdf,2022-04-25 07:38:14.533,FALSE,NA,NA,true,San Juan,REDACTED,USA,San Juan,Puerto Rico,USA,31-12-2021,Less than 1 million,ssn,0,273,0,0,94087,0,0,29439,0,0,Rent,NA,1500,San Juan,0,NA,NA,2021,NA,NA,NA,NA,NA,NA,NA,NA,NA,NA,NA,NA,0,NA,NA,NA,NA,NA,NA,NA,NA,NA,NA,NA,NA,1,323,7000,Yes,5000,NA
2022-RepAct22-008046_Redacted.pdf,2022-04-25 07:38:14.533,FALSE,NA,NA,true,San Juan,REDACTED,USA,San Juan,Puerto Rico,USA,31-12-2021,Less than 1 million,ssn,0,273,0,0,94087,0,0,29439,0,0,Rent,NA,1500,San Juan,0,NA,NA,2021,NA,NA,NA,NA,NA,NA,NA,NA,NA,NA,NA,NA,0,NA,NA,NA,NA,NA,NA,NA,NA,NA,NA,NA,NA,1,323,7000,Yes,5000,NA
2022-RepAct22-008091_Redacted.pdf,2022-04-29 15:37:12.645,FALSE,NA,NA,No,San Juan,REDACTED,USA,San Juan,Puerto Rico,USA,31-12-2021,From 1 to 5 million,ssn,21,0,828535,0,5685,0,0,0,0,0,Rent,NA,950,San Juan,0,NA,NA,2021,NA,NA,NA,NA,NA,NA,NA,NA,NA,NA,NA,NA,0,NA,NA,NA,NA,NA,NA,NA,NA,NA,NA,NA,NA,1,255,50000,No,NA,NA
2022-RepAct22-008093_Redacted.pdf,2022-04-30 15:46:39.68,FALSE,NA,NA,true,San Juan,REDACTED,USA,San Juan,Puerto Rico,USA,31-12-2021,From 1 to 5 million,ssn,23133,0,0,0,484677,76679,0,0,0,38583,Own,3e+05,NA,NA,0,NA,NA,2021,NA,NA,NA,NA,NA,NA,NA,NA,NA,NA,NA,NA,0,NA,NA,NA,NA,NA,NA,NA,NA,NA,NA,NA,NA,1,218,90000,Yes,6000,NA
2022-RepAct22-008095_Redacted.pdf,2022-05-01 15:17:28.1,FALSE,NA,NA,No,Vieques,Puerto Rico,USA,Vieques,Puerto Rico,USA,31-12-2021,From 5 to 10 million,ssn,0,15236,750000,969,0,0,0,108000,0,0,Own,8e+05,NA,NA,0,NA,NA,2021,NA,NA,NA,NA,NA,NA,NA,NA,NA,NA,NA,NA,0,NA,NA,NA,NA,NA,NA,NA,NA,NA,NA,NA,NA,1,259,90000,No,NA,NA
2022-RepAct22-008097_Redacted.pdf,2022-05-01 21:19:29.637,FALSE,NA,NA,No,Carolina,REDACTED,USA,SAN JUAN,N/A,USA,31-12-2021,From 1 to 5 million,ssn,0,0,4e+05,0,0,0,0,63000,117600,0,Own,4e+05,NA,NA,0,NA,NA,2021,NA,NA,NA,NA,NA,NA,NA,NA,NA,NA,NA,NA,0,NA,NA,NA,NA,NA,NA,NA,NA,NA,NA,NA,NA,1,327,20000,No,NA,NA
2022-RepAct22-008102_Redacted.pdf,2022-05-01 23:19:14.137,FALSE,NA,NA,No,San Juan,REDACTED,USA,San Juan,Puerto Rico,USA,31-12-2021,From 5 to 10 million,Social Security Number,0,0,0,0,848901,0,0,0,0,0,Own,450000,NA,NA,0,NA,NA,2021,NA,NA,NA,NA,NA,NA,NA,NA,NA,NA,NA,NA,0,NA,NA,NA,NA,NA,NA,NA,NA,NA,NA,NA,NA,1,341,60000,No,NA,NA
2022-RepAct22-008111_Redacted.pdf,2022-05-03 18:48:14.235,FALSE,NA,NA,No,San Juan,REDACTED,USA,San Juan,Puerto Rico,USA,31-12-2021,From 10 to 25 million,ssn,8425,0,335000,0,168000,0,83998,0,0,2830,Own,3e+05,NA,NA,0,NA,NA,2021,NA,NA,NA,NA,NA,NA,NA,NA,NA,NA,NA,NA,0,NA,NA,NA,NA,NA,NA,NA,NA,NA,NA,NA,NA,1,365,36000,No,NA,NA
2022-RepAct22-008131_Redacted.pdf,2022-05-03 10:18:18.586,FALSE,NA,NA,No,Aguadilla,Puerto Rico,USA,Sabana Grande,Puerto Rico,USA,31-12-2021,From 1 to 5 million,Social Security Number,0,0,0,0,3619345,0,0,0,0,0,Own,304000,NA,NA,0,NA,NA,2021,NA,NA,NA,NA,NA,NA,NA,NA,NA,NA,NA,NA,0,NA,NA,NA,NA,NA,NA,NA,NA,NA,NA,NA,NA,1,365,1e+06,No,NA,NA
2022-RepAct22-008132_Redacted.pdf,2022-05-04 10:04:46.14,FALSE,NA,NA,No,Humacao,Puerto Rico,USA,Humacao,Puerto Rico,USA,31-12-2020,From 5 to 10 million,Social Security Number,126,0,3302,0,11996,0,0,287887,0,7960,Own,9e+05,NA,NA,0,TRUE,2019,2020,50000,50000,0,9e+05,9e+05,0,0,0,0,0,0,0,1,INVESTMENT CONSULTING,TRUE,NA,NA,NA,NA,NA,NA,NA,NA,NA,NA,1,360,130000,No,NA,NA
2022-RepAct22-008133_Redacted.pdf,2022-05-04 10:09:54.244,FALSE,NA,NA,No,Humacao,Puerto Rico,USA,Humacao,Puerto Rico,USA,31-12-2020,From 5 to 10 million,Social Security Number,126,0,3302,0,11996,0,0,0,0,7960,Own,9e+05,NA,NA,0,TRUE,2019,2020,50000,50000,0,9e+05,9e+05,0,0,0,0,0,0,0,1,INVESTMENT CONSULTING,TRUE,NA,NA,NA,NA,NA,NA,NA,NA,NA,NA,1,360,130000,No,NA,NA
2022-RepAct22-008134_Redacted.pdf,2022-05-03 13:23:42.505,FALSE,NA,NA,No,San Juan,Puerto Rico,USA,San Juan,Puerto Rico,USA,31-12-2021,Less than 1 million,Social Security Number,121064,0,0,277,764613,0,0,0,0,0,Own,1e+05,NA,NA,0,TRUE,2020,2021,0,0,0,0,0,0,0,0,0,1500000,1300000,-2e+05,0,NA,NA,NA,NA,NA,NA,NA,NA,NA,NA,NA,NA,1,160,12000,Yes,5000,NA
2022-RepAct22-008151_Redacted 1.pdf,2022-05-04 10:27:54.492,FALSE,NA,NA,No,Aguadilla,REDACTED,USA,Sabana Grande,Puerto Rico,USA,31-12-2016,Less than 1 million,Social Security Number,0,500,0,1880,0,0,0,0,0,2513,Rent,NA,1,Cabo Rojo,0,NA,NA,2016,NA,NA,NA,NA,NA,NA,NA,NA,NA,NA,NA,NA,0,NA,NA,NA,NA,NA,NA,NA,NA,NA,NA,NA,NA,1,18,1543,No,NA,NA
2022-RepAct22-008154_Redacted.pdf,2022-05-04 16:13:44.912,FALSE,NA,NA,No,San Juan,Puerto Rico,USA,San Juan,Puerto Rico,USA,31-12-2021,Less than 1 million,Social Security Number,0,0,1e+05,0,218336,0,0,4500,0,0,Rent,NA,6000,San Juan,0,NA,NA,2021,NA,NA,NA,NA,NA,NA,NA,NA,NA,NA,NA,NA,1,Services,TRUE,NA,NA,NA,NA,NA,NA,NA,NA,NA,NA,1,290,75000,Yes,8000,NA
2022-RepAct22-008159_Redacted.pdf,2022-05-04 21:30:08.792,FALSE,NA,NA,No,San Juan,REDACTED,USA,San Juan,Puerto Rico,USA,31-12-2021,From 5 to 10 million,ssn,1488,0,0,0,6750648,0,0,0,0,0,Own,4900000,NA,NA,0,NA,NA,2021,NA,NA,NA,NA,NA,NA,NA,NA,NA,NA,NA,NA,0,NA,NA,NA,NA,NA,NA,NA,NA,NA,NA,NA,NA,1,347,180000,No,NA,NA
2022-RepAct22-008161_Redacted.pdf,2022-05-04 22:01:24.431,FALSE,NA,NA,No,San Juan,REDACTED,USA,San Juan,Puerto Rico,USA,31-12-2021,Less than 1 million,ssn,1172,0,0,0,423268,0,0,0,12000,0,Rent,NA,1225,San Juan,0,NA,NA,2021,NA,NA,NA,NA,NA,NA,NA,NA,NA,NA,NA,NA,0,NA,NA,NA,NA,NA,NA,NA,NA,NA,NA,NA,NA,1,358,38000,No,NA,NA
